class	location	status	verification_or_retention
prompt	Perseus:PROMPT_ORIGINAL.md	retained	original initiating request
decisions	Perseus:PROMPT.md;APPROVED_PLAN.md	approved	execution amendments and finite assessment scope
input	Perseus:inputs/gi_cluster_s8.athinput	frozen	SHA256 43ff1b21049bf59bfa6f565ebdb39d1333323627e496b0b97fa6b0e093bdf33a
source	Perseus:code/;AMD:athenak/	build complete	compiled 0c0a5a9bd47fa10ed8732ea12f1a53cd591b3f69; Kokkos 6739bc623081648af9e752b616d9671527922cbf
scripts	Perseus:code/scripts/particles/session008/;scripts/;AMD:scripts/;Anta:scripts/	staged and frozen	script digests in evidence/SCRIPT_HASHES.tsv and AMD control/config.json
build	AMD:build/src/athena;logs/;evidence/build_provenance.txt	job447620 completed	executable SHA256 cc7faaaadc8eb0eb74afdd3de81a748fb6adf9b069361496a8011ec86a7e5c2f
tests	Perseus:evidence/script_checks.*.log	passed	10327:15 checks plus syntax; synthetic fixtures removed
metadata	Perseus:evidence/amd_snapshot/;evidence/anta_snapshot/;run_records/	snapshotted	no raw science or checkpoint transfer
raw	AMD:runs/gate_*/;runs/segment_*/	passed; verified t9.325	SEALED and SCIENCE_MANIFEST.json from allocated compute; binaries deleted only after Anta checksum verification
science_archive	Anta:runs/*/	segments1/2 checksum-verified	ARCHIVE_VERIFIED.json confirms checksums; 1TiB stage cap/512GiB reserve
checkpoints	AMD:runs/*/rst/;control/checkpoints.json;control/latest_checkpoint.json	passed; verified t9.325	latest three verified total; no Perseus backup; inventory before approved rotation
waveforms	AMD:runs/*/waveforms/;Anta:runs/*/waveforms/	data through t9.325 retained	complex rPsi4 ell2..8 r40/50/60/70; raw retained; dt0.025
diagnostics	AMD:runs/*/;Anta:runs/*/	data through t9.325 retained	tracker/co/horizon consumer, summaries, particle/removal/J, constraints and failure evidence retained
analysis	Anta:analysis/assessment_JOBID/	prepared; not run on science	verified segments only; raw multipoles primary; causal limitations documented
figures	Anta:analysis/assessment_JOBID/*.png	pending	orbit, envelope-relative, radial/tangential, accepted horizons, particles, constraints, raw waves
movies	Anta:analysis/assessment_JOBID/{central,context,density}.mp4	pending	fixed tagged cohort for particle views; full-particle fixed-grid density; real visual QA pending
reports	Perseus:REPORT_Jeans8.md;REPORT_AGENT.md;Anta:REPORT_Jeans8.md;REPORT_AGENT.md	setup reports written; results pending	Anta terminal reports generated by Slurm; preparation copies preserved under notes/
controls	Perseus:README.md;HANDOFF.md;AMD:control/state.json;Anta:evidence/trigger_config.json	active finite workflow	exact scoped status/stop/cancel;48rawAMDnodeh/t12; two bounded recovery continuations;48h archive trigger/4x6h jobs
review	Perseus:review_from_anta/	collection script prepared	one-way thin pull via scripts/collect_review.sh; excludes frames/raw/checkpoints
revision	Perseus:evidence/OPERATIONS_REVISION.txt	recorded at closeout	compiled and operations commits distinguished; origin push verified
recovery	Perseus:scripts/recovery_20261005/;AMD:control/recovery_20261005.json;Anta:scripts/recovery_20261005/	tested and submitted	unchanged physics/input/executable; separate frozen operation hashes
recovery_tests	Perseus:evidence/recovery_checks.10957.log;evidence/recovery_checks.10958.log	passed	15 original plus7 extended recovery checks and syntax
recovery_evidence	Perseus:evidence/recovery_20261005/;AMD:evidence/recovery_20261005/	preserved	prior failure/flags, config, verified job dependencies, accounting and storage snapshots
recovery_plan	Perseus:RECOVERY_PLAN_20261005.md	authorized	t12;48 total rawAMDnodeh; additional maximum25.5; worst total47.145833
archive_recovery	Anta:runs/segment_01/ARCHIVE_VERIFIED.json;runs/segment_02/ARCHIVE_VERIFIED.json	job2329 completed0:0	science checksum-verified before approved AMD copy cleanup; checkpoint retention separate
