script	sha256
amd_build.sbatch	a86d0037420cdf2d5afe14889b0b6c33469a6df272e64fe2730db23ed963abcc
amd_env.inc	16bed5f87492f937e8e238dd9f1e649588c5c50b46967cc78e3a39a7f45057ee
amd_gate.sbatch	a330659bea1ce9a3f879655df7b70fb9605dd36fea5b7599387a9ceb25f83f85
amd_inspect.sbatch	0a0b468b06dfd3926117aa4ff168170a596d9514364d8b4acf46f37675277589
amd_rank_wrapper.sh	3d8e41b13dbd13a9ace7574270c20b00b6a4046892e6ac337442c6e9fe10d09e
amd_segment.sbatch	6a9c1f7840b882acabb50c4827a5987ac86c3d57224257228b5ddad5a73f9a08
analyze_s8.py	23b4d5514d9305677d3a7595a9a3fac4c6a6fc9f17bd79c1d09f4d2112654fe4
anta_archive.py	3eb11c54190c3b51e936f2316525e6f27b4297e891dad0e8d6bd076f23ee9643
anta_archive.sbatch	b15f25bd6bf6144a0c8e559e80e630e4c6b5a3227684fd8d9787129e5eedf4c8
archive_trigger.py	afe5c55eb9a22195a37386ff228680fce5f6c72ccc73ec534ed40c007ecbb661
collect_review.sh	49b5a5c8700d613c646814e623de70feea7eb220847d10232dce8de4d05d82ef
compare_restart_s7.py	748ea17137788edff0ee3e36f105c2ae5c2cfcf54cb033086157b667b452e363
delete_archived.py	9511e9b361e54ef18c262bc083cfd9eddbe51c30b89a7a0fe4409e0a28357d60
plot_initial_s7.py	c05897896f4737b8e63d00901ec301f8e50a85ac60ab187fc4809c54f058fc4a
runtime.py	c6f0184780873816dc12625d8be3deb742c80198b1c0f5a5f95aa54e969ed56f
test_analysis_s8.py	12efbf1ab265ffe759380c654311f5509254818cde48f9c4206cd84bdd0b955b
test_workflow.py	0d53378451965ce5920c9479b88d1000ae83fa3ebd4fe4d8ade97668d81dcca3
validate_initial_s7.py	4ab0d299f45031e58f8873783f7bb86e4c7c9bdbdfac92db0af0cd7086bb85c9
validate_s8.py	42f995c8508466d5cea6d4e272016e1bf732f36dd0196c66c014ef0f576ca052
workflow.py	ac3cf543dc168553d235a4c5bfe999d58f6a4c9ce864f9f4d78c6c2f8c475aab
