path	bytes	sha256	retention
/work1/eliasmost/jiaxiwu/plummer_s03_20261005/runs/preflight_frozen/input_452594.athinput	2791	ce4ad5739e037005403dffe83af786999efecfcf6b00f21d31d6fb9265801b3a	retained on AMD; no deletion authorized; Anta destination full
/work1/eliasmost/jiaxiwu/plummer_s03_20261005/runs/preflight_frozen/manifest_452594.json	1678	a585585ecf56c7149a2195d4b818f20489dcc5de918b11635c6adafb28b182af	retained on AMD; no deletion authorized; Anta destination full
/work1/eliasmost/jiaxiwu/plummer_s03_20261005/runs/preflight_frozen/out/cbin_adm_2/preflight_frozen.adm.00000.cbin	173863656	b8251ccaffe3ac193130ca4e69b81f8f43d4a90c47a66e1b6d89473231a7e19d	retained on AMD; no deletion authorized; Anta destination full
/work1/eliasmost/jiaxiwu/plummer_s03_20261005/runs/preflight_frozen/out/cbin_adm_2/preflight_frozen.adm.00001.cbin	173863692	65dd5955042a3de4a6139273c318397d68b797d2bd31bea8b7b6a4b3e2faea4e	retained on AMD; no deletion authorized; Anta destination full
/work1/eliasmost/jiaxiwu/plummer_s03_20261005/runs/preflight_frozen/out/preflight_frozen.plummer_admmass.csv	154	3f87ef7dea648d303f8bfb1afe055f8dc4e51252c0e9c7c57d5f83e8e90bfe26	retained on AMD; no deletion authorized; Anta destination full
/work1/eliasmost/jiaxiwu/plummer_s03_20261005/runs/preflight_frozen/out/preflight_frozen.plummer_admmom.csv	2184	338babb8ceb5e68ac9057d774b2ded89bd424a74bf1a4e0e62cfd90cd75ffe58	retained on AMD; no deletion authorized; Anta destination full
/work1/eliasmost/jiaxiwu/plummer_s03_20261005/runs/preflight_frozen/out/preflight_frozen.plummer_cohorts.csv	21692	31ba1d88eb10e85e3af586709c1c3a9fa6545110dc02fd44d6042bb28c58201b	retained on AMD; no deletion authorized; Anta destination full
/work1/eliasmost/jiaxiwu/plummer_s03_20261005/runs/preflight_frozen/out/preflight_frozen.plummer_health.csv	1021	63474b4eb52eaa0a08a019d9ea10ce9bef4297b5b8430f4e565f581853379d87	retained on AMD; no deletion authorized; Anta destination full
/work1/eliasmost/jiaxiwu/plummer_s03_20261005/runs/preflight_frozen/out/preflight_frozen.plummer_invariants.csv	615	b3998571fc9ab6ac11c5f80a4c0c1291433bcd4a5c680984e9da77386f086449	retained on AMD; no deletion authorized; Anta destination full
/work1/eliasmost/jiaxiwu/plummer_s03_20261005/runs/preflight_frozen/out/preflight_frozen.plummer_physical.csv	87919	743e40e47f24ab62393633566c1e3327b3ea9f4190e70b9970b9bd65c1e3de01	retained on AMD; no deletion authorized; Anta destination full
/work1/eliasmost/jiaxiwu/plummer_s03_20261005/runs/preflight_frozen/out/preflight_frozen.plummer_radii.csv	2867	533bb081533b8ce0fe283fe2b37b3052c21d9704b80892a2a91794f633d5574e	retained on AMD; no deletion authorized; Anta destination full
/work1/eliasmost/jiaxiwu/plummer_s03_20261005/runs/preflight_frozen/out/preflight_frozen.plummer_shells.csv	278373	e230a1a4fcba7d1e7e0b873672ddac7898a96cbbdc333ae6a1a322ab3ad3114c	retained on AMD; no deletion authorized; Anta destination full
/work1/eliasmost/jiaxiwu/plummer_s03_20261005/runs/preflight_frozen/out/preflight_frozen.user.hst	3017	c2a88059bdaedf9f1c94670c8c8acc5f6855d897b075f88c2c8e224142851384	retained on AMD; no deletion authorized; Anta destination full
/work1/eliasmost/jiaxiwu/plummer_s03_20261005/runs/preflight_frozen/out/pvtk/preflight_frozen.prtcl_all.00000.part.vtk	84541821	b76e67ed19610205cdb984518cbad838e9f57b156611b838189517c4ec8fe5a1	retained on AMD; no deletion authorized; Anta destination full
/work1/eliasmost/jiaxiwu/plummer_s03_20261005/runs/preflight_frozen/out/pvtk/preflight_frozen.prtcl_all.00001.part.vtk	84541827	0c8955a21cbc4fb3f4bc29afa6e194304e66e4b9cc735c6b5c1147da9f2a8a8d	retained on AMD; no deletion authorized; Anta destination full
/work1/eliasmost/jiaxiwu/plummer_s03_20261005/runs/preflight_frozen/out/pvtk/preflight_frozen.prtcl_all.00002.part.vtk	84541828	f82b946db1c2b1f2c26ad993b56b581fc05dc5e78c8f8b56bd83837c1489f6f3	retained on AMD; no deletion authorized; Anta destination full
/work1/eliasmost/jiaxiwu/plummer_s03_20261005/runs/preflight_frozen/out/rst/preflight_frozen.00000.rst	5600398570	3ff2a8b15d863beb82b788755b89c795c7fab5b72793052d1d5ea8bfe81f83ad	retained on AMD; no deletion authorized; Anta destination full
/work1/eliasmost/jiaxiwu/plummer_s03_20261005/runs/preflight_frozen/out/rst/preflight_frozen.00001.rst	5600398570	64d70744319cdb5aa1d62c179df6eee9a0b8a4a712a6de7f7f3ef29f6a105f02	retained on AMD; no deletion authorized; Anta destination full
/work1/eliasmost/jiaxiwu/plummer_s03_20261005/runs/preflight_frozen/preflight_frozen.isotropic_initial.csv	307	67717ffbd521377a204be189a723aa5b90b531596893423476de83ba2f40cf77	retained on AMD; no deletion authorized; Anta destination full
/work1/eliasmost/jiaxiwu/plummer_s03_20261005/runs/preflight_frozen/runner.lock	0	e3b0c44298fc1c149afbf4c8996fb92427ae41e4649b934ca495991b7852b855	retained on AMD; no deletion authorized; Anta destination full
/work1/eliasmost/jiaxiwu/plummer_s03_20261005/runs/preflight_frozen/segment_452594.log	5373	bcb36f1b085d5baf2a13d58bacc71767d013ac4ce46132e00a7836952cb01ec3	retained on AMD; no deletion authorized; Anta destination full
/work1/eliasmost/jiaxiwu/plummer_s03_20261005/runs/preflight_frozen/segment_state.json	837	cc33d2ff7ba052ae61d6e6ed96a2ba201bd0add839dae3dddacb591ea804e81a	retained on AMD; no deletion authorized; Anta destination full
/work1/eliasmost/jiaxiwu/plummer_s03_20261005/runs/preflight_frozen/vram_452594.log	2159	898e4515a9cc2b5097a5121562d4c8565de9b12df1906e8ebfe6b2e26a6d0113	retained on AMD; no deletion authorized; Anta destination full
/work1/eliasmost/jiaxiwu/plummer_s03_20261005/runs/preflight_live/input_452595.athinput	3392	93851177dc48f15aca1e90d516433f846b3a564bdf8edd50596bbe5c39c1a474	retained on AMD; no deletion authorized; Anta destination full
/work1/eliasmost/jiaxiwu/plummer_s03_20261005/runs/preflight_live/manifest_452595.json	2215	6361072feed8a13b7bec06a505694bf0b64920a4e286544066e5b11304ea74cd	retained on AMD; no deletion authorized; Anta destination full
/work1/eliasmost/jiaxiwu/plummer_s03_20261005/runs/preflight_live/out/bin/preflight_live.con.00000.bin	3923918	acd6c135802e725209e5f002d4aac065e913a44955a81bf08792ed3313bfc4c5	retained on AMD; no deletion authorized; Anta destination full
/work1/eliasmost/jiaxiwu/plummer_s03_20261005/runs/preflight_live/out/bin/preflight_live.con.00001.bin	3923933	a0328d2ecba83cd45ec0453d454115336b3828584f76c76e92a79269da068278	retained on AMD; no deletion authorized; Anta destination full
/work1/eliasmost/jiaxiwu/plummer_s03_20261005/runs/preflight_live/out/bin/preflight_live.tmunu.00000.bin	5595124	33cd91ec27fc0378cd25854668dba6cb897bc60b91a191b00ffb5f8ee8188400	retained on AMD; no deletion authorized; Anta destination full
/work1/eliasmost/jiaxiwu/plummer_s03_20261005/runs/preflight_live/out/bin/preflight_live.tmunu.00001.bin	5595155	8c2a186d747a5ce2433a1ddd5689def5f474930be527e95c7fd16508b3b97c5d	retained on AMD; no deletion authorized; Anta destination full
/work1/eliasmost/jiaxiwu/plummer_s03_20261005/runs/preflight_live/out/bin/preflight_live.z4c_alpha.00000.bin	581557	28456458f77815c27f678dd2e37125e471c47cea9052b169fcbd088d16555ddb	retained on AMD; no deletion authorized; Anta destination full
/work1/eliasmost/jiaxiwu/plummer_s03_20261005/runs/preflight_live/out/bin/preflight_live.z4c_alpha.00001.bin	581556	1fd7af4bbfbdcf03b917c381fbf357b1bbf574ce11478219f24ccab74ba92a2a	retained on AMD; no deletion authorized; Anta destination full
/work1/eliasmost/jiaxiwu/plummer_s03_20261005/runs/preflight_live/out/cbin_adm_2/preflight_live.adm.00000.cbin	132974600	7f0ed4038e4b5aee7e5a245b53dca862f8664a4e2a077bac4fe1096d1695f21b	retained on AMD; no deletion authorized; Anta destination full
/work1/eliasmost/jiaxiwu/plummer_s03_20261005/runs/preflight_live/out/cbin_adm_2/preflight_live.adm.00001.cbin	132974588	7f0ec7bd4922ff2fc1c42414d37e3628a18dcb8f97489b1a9f06d3e2a5f01379	retained on AMD; no deletion authorized; Anta destination full
/work1/eliasmost/jiaxiwu/plummer_s03_20261005/runs/preflight_live/out/preflight_live.plummer_admmass.csv	154	94ba6a92e8e6ba357e95bb03edf5a6353d10ea87fcff9fbc49acc5785353e100	retained on AMD; no deletion authorized; Anta destination full
/work1/eliasmost/jiaxiwu/plummer_s03_20261005/runs/preflight_live/out/preflight_live.plummer_admmom.csv	3488	2451557839f47f4a7cb55ab2ebbd62925d64236f56f279678a5de7cd3697295d	retained on AMD; no deletion authorized; Anta destination full
/work1/eliasmost/jiaxiwu/plummer_s03_20261005/runs/preflight_live/out/preflight_live.plummer_cohorts.csv	21656	e2e5ddf3bfd99782d99d44c83b6b56e1187829aa06dfbf92679358e60c6418eb	retained on AMD; no deletion authorized; Anta destination full
/work1/eliasmost/jiaxiwu/plummer_s03_20261005/runs/preflight_live/out/preflight_live.plummer_fields.csv	81933	ea2052e6586a9f63b6842babbe462383b3a972444404ebed0f304731027bc217	retained on AMD; no deletion authorized; Anta destination full
/work1/eliasmost/jiaxiwu/plummer_s03_20261005/runs/preflight_live/out/preflight_live.plummer_health.csv	1230	1e0f34a37a7773c56b127e94c540d727c58302ce34747f5e2becf03f0d86be04	retained on AMD; no deletion authorized; Anta destination full
/work1/eliasmost/jiaxiwu/plummer_s03_20261005/runs/preflight_live/out/preflight_live.plummer_physical.csv	87881	442b6c03f96323613a70c022886caa3fda72d606d6f38ce0c991ff0ca669f568	retained on AMD; no deletion authorized; Anta destination full
/work1/eliasmost/jiaxiwu/plummer_s03_20261005/runs/preflight_live/out/preflight_live.plummer_radii.csv	2861	ee4b127d12631470aa7b8680d985dcce8a05d2285037003b058df1a7014a3e8a	retained on AMD; no deletion authorized; Anta destination full
/work1/eliasmost/jiaxiwu/plummer_s03_20261005/runs/preflight_live/out/preflight_live.plummer_shells.csv	278392	c442f15a4bf2c53a4e75579beae7612c0838ae37e28aa9b117f66f1a4ec6a6b8	retained on AMD; no deletion authorized; Anta destination full
/work1/eliasmost/jiaxiwu/plummer_s03_20261005/runs/preflight_live/out/preflight_live.user.hst	3017	2ce2f72ea9698ac360ccd2c3fdca369cc2b9bb4bdcebbd7c8d9dbd1c2472e8c0	retained on AMD; no deletion authorized; Anta destination full
/work1/eliasmost/jiaxiwu/plummer_s03_20261005/runs/preflight_live/out/preflight_live.z4c.user.hst	1522	92ff455457964c01820aa83ab09a3023e3b0eb1735c871dedbc09a393201f8a3	retained on AMD; no deletion authorized; Anta destination full
/work1/eliasmost/jiaxiwu/plummer_s03_20261005/runs/preflight_live/out/pvtk/preflight_live.prtcl_all.00000.part.vtk	84541821	9b3815188f4bdcfa86e683ca6d6e3fe5bcceddbf11a7eb522c64d8ef694c4993	retained on AMD; no deletion authorized; Anta destination full
/work1/eliasmost/jiaxiwu/plummer_s03_20261005/runs/preflight_live/out/pvtk/preflight_live.prtcl_all.00001.part.vtk	84541827	eb9b9841a703b96540199147ba032838decfb4c8731010049f9086b63a7ca2e5	retained on AMD; no deletion authorized; Anta destination full
/work1/eliasmost/jiaxiwu/plummer_s03_20261005/runs/preflight_live/out/pvtk/preflight_live.prtcl_all.00002.part.vtk	84541828	42d2a64a467483aaff7e1ad141dede31ee3a280617bbd584e743f6cff58d3e12	retained on AMD; no deletion authorized; Anta destination full
/work1/eliasmost/jiaxiwu/plummer_s03_20261005/runs/preflight_live/out/rst/preflight_live.00000.rst	8156307981	dbba34ee24e829ba818db64dbc54e23ee975052f790cf9a58d327cf0c236111e	retained on AMD; no deletion authorized; Anta destination full
/work1/eliasmost/jiaxiwu/plummer_s03_20261005/runs/preflight_live/out/rst/preflight_live.00001.rst	8156307981	179448855f9f6fbe3ae43bea17fd7c16f65d6b81e8bec89469dd3e480adb47c9	retained on AMD; no deletion authorized; Anta destination full
/work1/eliasmost/jiaxiwu/plummer_s03_20261005/runs/preflight_live/preflight_live.isotropic_initial.csv	307	67717ffbd521377a204be189a723aa5b90b531596893423476de83ba2f40cf77	retained on AMD; no deletion authorized; Anta destination full
/work1/eliasmost/jiaxiwu/plummer_s03_20261005/runs/preflight_live/runner.lock	0	e3b0c44298fc1c149afbf4c8996fb92427ae41e4649b934ca495991b7852b855	retained on AMD; no deletion authorized; Anta destination full
/work1/eliasmost/jiaxiwu/plummer_s03_20261005/runs/preflight_live/segment_452595.log	6410	3de3f5b2b960cbba2ce6879becc23e31de0dcf605052e2e3b8e7292087ee29c3	retained on AMD; no deletion authorized; Anta destination full
/work1/eliasmost/jiaxiwu/plummer_s03_20261005/runs/preflight_live/segment_state.json	815	16305828d8f9a7bcc9ec3cc3d9500379426fb985d58ea28c2a07633994b8255a	retained on AMD; no deletion authorized; Anta destination full
/work1/eliasmost/jiaxiwu/plummer_s03_20261005/runs/preflight_live/vram_452595.log	2640	17088dec0f7dab6ae995e5d8902e32bce53318db09407003b74337661a04c5de	retained on AMD; no deletion authorized; Anta destination full
/work1/eliasmost/jiaxiwu/plummer_s03_20261005/runs/sanity1_live/input_452606.athinput	3386	755663e3ef9a4a2cc926228ad1935a9651bafd3d1f598f4041c1c644497153b8	retained on AMD; no deletion authorized; Anta destination full
/work1/eliasmost/jiaxiwu/plummer_s03_20261005/runs/sanity1_live/manifest_452606.json	3	37517e5f3dc66819f61f5a7bb8ace1921282415f10551d2defa5c3eb0985b570	retained on AMD; no deletion authorized; Anta destination full
/work1/eliasmost/jiaxiwu/plummer_s03_20261005/runs/sanity1_live/runner.lock	0	e3b0c44298fc1c149afbf4c8996fb92427ae41e4649b934ca495991b7852b855	retained on AMD; no deletion authorized; Anta destination full
/work1/eliasmost/jiaxiwu/plummer_s03_20261005/runs/sanity1_live/segment_452606.log	6637	9596e3a47d3b5ba47475702faf94452d0f4695be6f49fd16f5c8a01ddc34faf3	retained on AMD; no deletion authorized; Anta destination full
/work1/eliasmost/jiaxiwu/plummer_s03_20261005/runs/sanity1_live/segment_state.json	305	a7a8d8d9ab5274619aba2a3cffd1d824d4d3be5140361e78780a464fd00df722	retained on AMD; no deletion authorized; Anta destination full
/work1/eliasmost/jiaxiwu/plummer_s03_20261005/runs/sanity1_live/vram_452606.log	165	6dd9c352fae18f533d84e90e194fd5b40e604dd19c2edd1a2bb9cf36f7a7a5d8	retained on AMD; no deletion authorized; Anta destination full
