# Metric orthonormal stresses, integrated over particle rest mass.
# E=sum mu W; Sr,Stheta,Sphi=sum mu qhat_i^2/W. Squares retain sampling information.
time,cycle,bin,rlo,rhi,N,M0,E,Sr,Stheta,Sphi,E_square,Sr_square,Stheta_square,Sphi_square,proper_volume,Ncells,dx_volume_mean
0,0,0,0.3125,0.3622639994237345,76,3.6438288437916793e-05,3.7335858310196524e-05,4.4257530283803766e-07,6.2597599491435234e-07,6.9176226179150326e-07,1.8348624094024626e-11,8.3913754803152457e-15,1.2602103950457059e-14,1.8332746082474177e-14,0.32713757500661067,8,0.3125
0,0,1,0.3622639994237345,0.41995265689113453,42,2.0136948873585602e-05,2.0625535554144096e-05,3.838744054565849e-07,2.8176241666998605e-07,2.9577856963855142e-07,1.0131042885361022e-11,8.3166083068227834e-15,5.0585306103428126e-15,5.6641269572665044e-15,0,0,0
0,0,2,0.41995265689113453,0.48682793297281829,64,3.0684874474035196e-05,3.1406416334090999e-05,4.6067332071076608e-07,4.2186160148509839e-07,5.3563043913035646e-07,1.5416244076697918e-11,7.2322222477124077e-15,7.8142441254246618e-15,1.0724163348456629e-14,0,0,0
0,0,3,0.48682793297281829,0.56435274889575338,102,4.8904018692993589e-05,5.0213009183325014e-05,1.0848127709281718e-06,7.5638151967696255e-07,7.2840965518353697e-07,2.4726563718898326e-11,2.5973171615282986e-14,1.4198607829907456e-14,1.7658901027559449e-14,0,0,0
0,0,4,0.56435274889575338,0.65422298848241345,160,7.6712186185088038e-05,7.8718008254617273e-05,1.2142609058535614e-06,1.3707959449005631e-06,1.3586483934261237e-06,3.8737071930986185e-11,2.152653323184623e-14,3.0493975306676633e-14,2.9029688061417248e-14,0.98113962055758797,24,0.3125
0,0,5,0.65422298848241345,0.75840459623227807,244,0.00011698608393225933,0.0001203253426643941,1.9504792955664463e-06,2.2211207455210019e-06,2.3786371806592434e-06,5.9355637518964765e-11,4.4269511912585941e-14,4.5170600968726333e-14,6.4570139644896923e-14,0.98086737595759288,24,0.3125
0,0,6,0.75840459623227807,0.87917658307983215,384,0.00018410924684421153,0.00018899040118444644,3.581543803769715e-06,2.9774369003889636e-06,3.0208567358569996e-06,9.3043685294742751e-11,9.0077015967458807e-14,6.366073976014757e-14,6.328134365937421e-14,0,0,0
0,0,7,0.87917658307983215,1.0191808805958185,592,0.00028383508888482623,0.0002916729383145892,5.1996254725441274e-06,5.0334226431782039e-06,5.1638318348456375e-06,1.4374042371292428e-10,1.1212278802043375e-13,1.0211582901092031e-13,1.0074754398320033e-13,3.2681122130396347,80,0.31250000000000011
0,0,8,1.0191808805958185,1.1814801342107033,918,0.00044013616823694352,0.00045285963290242839,8.5983922054195406e-06,8.1812283104248668e-06,8.1711127073072697e-06,2.2347388116018383e-10,1.9362272837675787e-13,1.8597508453513273e-13,1.8349725941227776e-13,0.9800557571972579,24,0.3125
0,0,9,1.1814801342107033,1.3696246997083523,1420,0.00068082065239265233,0.00069968105046201755,1.2182504317501996e-05,1.2195681835586587e-05,1.2640083682599749e-05,3.4485830423870937e-10,2.9177826983694269e-13,2.6179984234006051e-13,2.6645235680291868e-13,4.8981305070498884,120,0.31249999999999978
0,0,10,1.3696246997083523,1.5877303085628129,2188,0.0010490391460810655,0.0010773458418978105,1.8379427206541028e-05,1.7974004885648832e-05,1.9219863131575653e-05,5.3062834240762064e-10,4.0291224406380526e-13,3.725847462751718e-13,4.161318144049502e-13,6.1997104682663835,152,0.31250000000000006
0,0,11,1.5877303085628129,1.8405681010759829,3362,0.0016119148122141344,0.0016563756966458897,2.8624845152351727e-05,2.8341691285947199e-05,3.0307482650264969e-05,8.1629498746716808e-10,6.4017740875517194e-13,5.9147351326383658e-13,6.8853799116438453e-13,7.8252686610449089,192,0.31249999999999983
0,0,12,1.8405681010759829,2.1336689968241092,5138,0.0024634200788686473,0.0025299178126336318,4.3370662908471788e-05,4.316431443775129e-05,4.4044661573748069e-05,1.2460658963782494e-09,9.2263656871152402e-13,8.8607138610081044e-13,9.4824305984142935e-13,14.005303115340595,344,0.31250000000000033
0,0,13,2.1336689968241092,2.473444685554973,7810,0.0037445135881597293,0.0038457967931150535,6.5984515981062155e-05,6.6260342655729561e-05,6.662125993056241e-05,1.8942882330359401e-09,1.4065762438800793e-12,1.4392234238446261e-12,1.4286603806165967e-12,24.389183052219504,600,0.31250000000000061
0,0,14,2.473444685554973,2.867327885256084,11770,0.0056431401962408236,0.00579487570319625,9.840633685168067e-05,9.9694928460258679e-05,9.9868658390976219e-05,2.8538677100027555e-09,2.1097361731578276e-12,2.1052085603198836e-12,2.1312178908754142e-12,35.372115491271344,872,0.3125
0,0,15,2.867327885256084,3.3239349355906174,17546,0.0084124501175224728,0.008634533774158213,0.00014155023448092117,0.00014865365579531148,0.00014605691733403061,4.2502769293180559e-09,2.9256634313360717e-12,3.1074505500220669e-12,2.9998033224801963e-12,56.6370409391754,1400,0.3125000000000005
0,0,16,3.3239349355906174,3.853254283492257,25792,0.012366004413035004,0.012688350218273869,0.0002113077352151238,0.00021023199259748054,0.00021182888587129844,6.2436629800789279e-09,4.3919555071254776e-12,4.2870627169878976e-12,4.3951852607253176e-12,83.215120321794188,2064,0.31250000000000122
0,0,17,3.853254283492257,4.4668649841105328,37222,0.017846131213632238,0.018301364813351328,0.00029733555845011289,0.00029822613926325779,0.00029917770741701405,9.0007420755187571e-09,5.9672939047847163e-12,6.0057336899691295e-12,6.1076931102008785e-12,137.4288878124699,3424,0.31250000000000056
0,0,18,4.4668649841105328,5.1781899968950968,52484,0.025163514873366273,0.02579251944947869,0.00040999696128342827,0.00041703339131349488,0.00040967503853173886,1.2678480968661902e-08,7.9937229052545453e-12,8.4379424879647678e-12,8.1396858903027356e-12,210.06710924119955,5264,0.31250000000000105
0,0,19,5.1781899968950968,6.002789817763821,71872,0.034459114034343527,0.035294955679684006,0.00054724716490634363,0.00055221057633578837,0.00054471488623598517,1.7336690889255646e-08,1.0565569390522989e-11,1.0634992926603098e-11,1.0493121601117498e-11,328.37436615600814,8288,0.31250000000000105
0,0,20,6.002789817763821,6.9587028706662144,94950,0.045523887989201116,0.046588337848998698,0.00069868676948013912,0.00070068252327243623,0.0006956472092739045,2.2864080416283763e-08,1.3054299203822178e-11,1.3119383074881181e-11,1.2922903355552199e-11,510.5282662315679,13000,0.31250000000000494
0,0,21,6.9587028706662144,8.0668401047326874,120192,0.057626194262210703,0.058909959653013128,0.00084901422404464052,0.00084162050572986549,0.00083800884234831469,2.8879304570220397e-08,1.5182847275031597e-11,1.4842491632413959e-11,1.4805688490542031e-11,821.10592288360476,21136,0.31249999999999545
0,0,22,8.0668401047326874,9.3514424289671698,144798,0.06942356959513496,0.070881812740814967,0.00095525732782927321,0.00095962767214216441,0.00095976613573361686,3.4704303987133102e-08,1.6008081376398042e-11,1.6078221466382936e-11,1.609577509402748e-11,1258.1928670885127,32800,0.31250000000000011
0,0,23,9.3514424289671698,10.840610991035037,165132,0.079172729556919952,0.080716949628962253,0.0010230384041482903,0.0010150389343409794,0.001009093763008522,3.9460662716615076e-08,1.6025207435715188e-11,1.5865015890491489e-11,1.5578081408778555e-11,1974.8149803747988,52224,0.31250000000000144
0,0,24,10.840610991035037,12.566921900189588,177692,0.085194636172441718,0.086725873653470315,0.0010107965222283287,0.0010069554955632856,0.0010068612405548577,4.2333689584998273e-08,1.4470071370028221e-11,1.4497128179475993e-11,1.4492137296217897e-11,3091.7864758906417,83064,0.31249999999999145
0,0,25,12.566921900189588,14.568138841626885,180300,0.086445044807257065,0.087862453293912471,0.00093554088150766494,0.00093131545167001351,0.00093588770250360785,4.2821146013843004e-08,1.2372219272285564e-11,1.2180040733617128e-11,1.2419280840578036e-11,4832.3779681188371,132024,0.31250000000000178
0,0,26,14.568138841626885,16.88803917096962,172932,0.082912448633438246,0.084134646789117085,0.00081130001549288675,0.00080242702249517671,0.00080580324946980929,4.0936662660437475e-08,9.6065576686243541e-12,9.4551743582573047e-12,9.5367958185594921e-12,7494.9359399626574,208312,0.31250000000002665
0,0,27,16.88803917096962,19.57737156000044,157562,0.075543284248042575,0.076536043145702948,0.00065860138927442062,0.00065569150082545795,0.00065308527935510098,3.7180169421801467e-08,7.0196409148383567e-12,6.9394386673213508e-12,6.9332275522623617e-12,11692.902112855634,330568,0.31250000000001432
0,0,28,19.57737156000044,22.694966142496774,137278,0.065818096844440399,0.066582328386388043,0.00050627563032356725,0.00050227626110351063,0.00050749989875567385,3.2295457393112698e-08,4.7586941908844379e-12,4.6931284632654253e-12,4.8190629451929872e-12,18137.668620522789,485464,0.33690614234280103
0,0,29,22.694966142496774,26.309021445014803,115212,0.055238527467202869,0.055802655297824924,0.00037339766052618792,0.00037380787587981527,0.00037298317885852095,2.7029056110172114e-08,3.0892697210226253e-12,3.0837822422630906e-12,3.080159591109356e-12,28246.034070873535,492560,0.45609828574300731
0,0,30,26.309021445014803,30.498596254706754,93816,0.044980190369614995,0.045379876659775303,0.00026278263334434743,0.00026573324470029885,0.00026586849182680383,2.1951493376027066e-08,1.8858067311300143e-12,1.9312671479199999e-12,1.9279514545611855e-12,43770.689685633166,372544,0.56684709262902866
0,0,31,30.498596254706754,35.355339059327356,74606,0.035769933515779555,0.036045644424126153,0.00018304527367695128,0.00018284631162229453,0.00018253797700216152,1.7415769996009537e-08,1.149727456260367e-12,1.1488957093247998e-12,1.1443165475688483e-12,68257.79467386649,286440,0.61964317480292452
0,0,32,35.355339059327356,40.98549289156513,58258,0.027931865892322133,0.028118667114468112,0.00012369865234351815,0.00012409054581796603,0.00012405256965248906,1.3571943714844612e-08,6.7694796782973723e-13,6.7372671413587792e-13,6.7594404158404772e-13,105907.7396910284,401560,0.62499999999998823
0,0,33,40.98549289156513,47.512219434404557,44874,0.021514891517936056,0.021639314470531509,8.2484647880482056e-05,8.2142851662616895e-05,8.32001482929299e-05,1.0435142378464602e-08,3.9051511365398268e-13,3.8309595830913723e-13,3.9727326764394355e-13,164003.96467135844,501024,0.76939615449302956
0,0,34,47.512219434404557,55.078293228177536,34218,0.016405859918006437,0.016488478259603059,5.4386802011580212e-05,5.4649212216367036e-05,5.5613748884623135e-05,7.9453154152082307e-09,2.2361900595517887e-13,2.1961349093568529e-13,2.301173499827196e-13,255110.68299872038,452048,1.0116390965533608
0,0,35,55.078293228177536,63.849224916072913,25896,0.012415867334055293,0.012469368189777012,3.5210746988973732e-05,3.6010580724263534e-05,3.5453887369960749e-05,6.0042618517302768e-09,1.2359753460685027e-13,1.2810921848147493e-13,1.2541311508148306e-13,396182.49821970833,307384,1.1969374971873814
0,0,36,63.849224916072913,74.016881850246818,19492,0.0093454620819982646,0.0093801970416641702,2.2785820369739506e-05,2.3071950651127781e-05,2.3428379128371197e-05,4.5140887884593243e-09,6.9304802187018295e-14,7.0714003290060963e-14,7.211170455725473e-14,617294.11361011514,309712,1.2479007423575499
0,0,37,74.016881850246818,85.803685260622203,14618,0.0070086171103355098,0.0070310397781168264,1.4649155819356705e-05,1.5031294304406057e-05,1.5063846820569926e-05,3.3818394880743256e-09,3.8090306654533361e-14,3.9128788895679649e-14,3.9240600989867445e-14,960096.87454013072,457168,1.2990769356420879
0,0,38,85.803685260622203,99.467475800986691,10930,0.0052404012187690762,0.0052549090194287506,9.6978420522364427e-06,9.7899696235533394e-06,9.4704036855923891e-06,2.5264556743358201e-09,2.2014450598301519e-14,2.2500902180959637e-14,2.1168244803011063e-14,1490465.8787709032,489816,1.7312403938311705
0,0,39,99.467475800986691,115.30715390799679,8156,0.0039104036907849967,0.0039197904021898537,6.3763657290216012e-06,6.2436961915480391e-06,6.1212410394646851e-06,1.8838640040283156e-09,1.255598153194537e-14,1.2633077333354862e-14,1.1951176555874158e-14,2313312.5935764154,398440,2.1842255898751137
0,0,40,115.30715390799679,133.66921835801284,6080,0.0029150630750333925,0.0029211102066022793,3.99459366772985e-06,4.0377882983613979e-06,4.0440339957325263e-06,1.4034375797861199e-09,6.5809264989603611e-15,7.0124183855951285e-15,7.0547191237849062e-15,3620331.1863335837,280288,2.4572451510031463
0,0,41,133.66921835801284,154.95534605509826,4526,0.00216999596671066,0.002173784368149489,2.5214802581544087e-06,2.5009874448333272e-06,2.5449123022453498e-06,1.044044329933496e-09,3.5086378788254754e-15,3.7425392260013528e-15,3.766870956946087e-15,5609595.680083747,352208,2.4997009545657991
0,0,42,154.95534605509826,179.63117886082782,3370,0.0016157504215233887,0.0016181424659939415,1.603363299401098e-06,1.5007492701820091e-06,1.6749448395542001e-06,7.7696957539652136e-10,1.9141090077763763e-15,1.7231486358262585e-15,2.0868501679159671e-15,8747109.5900394693,487192,2.8254134829609976
0,0,43,179.63117886082782,208.23650968103576,2506,0.001201504616123924,0.0012030158979321954,1.063140140805127e-06,9.609494608549303e-07,9.9573980964222116e-07,5.7751327184383655e-10,1.1245439848455045e-15,9.9130032558388535e-16,1.0351123656363226e-15,13595749.36993411,469856,3.7900825182300983
0,0,44,208.23650968103576,241.39709063389191,1864,0.00089369696905626614,0.00089468692682798774,6.6956986574305793e-07,6.5986888360863448e-07,6.488828783422627e-07,4.2943409030558891e-10,6.6680887495238957e-16,5.817126875630326e-16,5.9704309006345141e-16,21166668.710113361,343312,4.6232118487339084
0,0,45,241.39709063389191,279.8383216073197,1384,0.00066356041050100796,0.0006642026584804863,4.1887730926658788e-07,4.3428231683487578e-07,4.3047647701750405e-07,3.1876107697846044e-10,3.1057835928563213e-16,3.4495412881567372e-16,3.2288461063276288e-16,33050564.079239275,283504,4.969750490040469
0,0,46,279.8383216073197,324.40111864797723,1030,0.00049383469856650473,0.00049424290482420036,2.4576269249544452e-07,3.0714929759186034e-07,2.6301449084592842e-07,2.3716128418487929e-10,1.5335220588415399e-16,2.1712895424716359e-16,1.7784443598793596e-16,51353483.911574587,406768,4.999999999999635
0,0,47,324.40111864797723,376.06030930863892,768,0.00036821849368842328,0.0003684912223587302,1.841363955538987e-07,1.8363092411400606e-07,1.7741098182546432e-07,1.7680443938636783e-10,1.063274567731341e-16,1.041755654214892e-16,1.0556510531913918e-16,79959941.489709914,492432,6.2773191010236706
0,0,48,376.06030930863892,435.94595735895734,570,0.00027328716328437657,0.0002734664549605138,1.2080456481529265e-07,1.2163912245419149e-07,1.1597562058762437e-07,1.3119985039149489e-10,6.414412078014524e-17,5.9766501552378529e-17,6.2787831089764701e-17,124605099.01642269,440144,8.1723409610599234
0,0,49,435.94595735895734,505.36808334548709,422,0.00020232839106316998,0.0002024358985707548,7.4815050546212791e-08,6.7176603112575479e-08,7.2941660956604378e-08,9.7109710943603029e-11,3.2288196409997349e-17,2.6585366893993962e-17,2.9825134825751698e-17,194062477.71309891,300112,9.6025330682077215
0,0,50,505.36808334548709,585.84532177229869,316,0.00015150656771554903,0.00015158072962050481,4.5033464142642075e-08,4.4665945012758014e-08,5.8571958082859737e-08,7.2711139381780034e-11,1.6479781880321003e-17,2.0537565402959106e-17,2.5523686820057981e-17,301687425.0374127,306544,9.9844969541526858
0,0,51,585.84532177229869,679.13814178853681,236,0.00011315047462300492,0.00011319199886245185,3.0202004417879505e-08,2.3175094482730804e-08,2.9649832904172847e-08,5.4289954753526079e-11,9.9457819276927931e-18,6.4153916345007182e-18,1.0094748313063592e-17,470866573.04504764,452344,10.397309338430142
0,0,52,679.13814178853681,787.28735809765953,174,8.3424502476283244e-05,8.3451391322251768e-05,1.6868268503133476e-08,1.931562017707825e-08,1.7581356666971965e-08,4.0023764537554135e-11,4.255984836019697e-18,5.5403244768918737e-18,4.6937532931276902e-18,734708790.4446317,486264,13.833437355695343
0,0,53,787.28735809765953,912.65877452865277,128,6.1369748948070406e-05,6.1386307467701498e-05,1.2875054567472005e-08,8.9407097846616004e-09,1.1295317622088282e-08,2.9439678406914518e-11,2.8801087725899062e-18,1.5523759431974162e-18,2.1699388708594251e-18,1140525663.0644805,398488,17.421297107472618
0,0,54,912.65877452865277,1057.9949368637251,64,3.0684874474035196e-05,3.0693305640280743e-05,6.277800400794139e-09,3.93682475749762e-09,6.6444475690427856e-09,1.4719985001787233e-11,1.3729939797071982e-18,5.0213017335381904e-19,1.8177061738222639e-18,1782868809.8520679,278560,19.637468359439115
0,0,55,1057.9949368637251,1226.4751270346055,0,0,0,0,0,0,0,0,0,0,2767440679.0584645,345864,19.996521352424153
0,0,56,1226.4751270346055,1421.7849110825259,0,0,0,0,0,0,0,0,0,0,4299574546.9532833,481296,22.341486501612337
0,0,57,1421.7849110825259,1648.1967622690402,0,0,0,0,0,0,0,0,0,0,6737040985.4827871,471392,30.037421732515096
0,0,58,1648.1967622690402,1910.6635229978629,0,0,0,0,0,0,0,0,0,0,10479000209.996981,348896,36.75857883432581
0,0,59,1910.6635229978629,2214.9267500615965,0,0,0,0,0,0,0,0,0,0,16312371891.484219,279984,39.714022240598133
0,0,60,2214.9267500615965,2567.6423133053681,0,0,0,0,0,0,0,0,0,0,25362950783.793076,395800,40.000000000004121
0,0,61,2567.6423133053681,2976.5259952243618,0,0,0,0,0,0,0,0,0,0,39622434758.716103,491928,49.350912238127258
0,0,62,2976.5259952243618,3450.5222765398048,0,0,0,0,0,0,0,0,0,0,61586972928.279778,445136,64.54803784254625
0,0,63,3450.5222765398048,3999.9999999999995,0,0,0,0,0,0,0,0,0,0,68559316512270.859,5558752,299.28965331936007
2.34375,30,0,0.3125,0.3622639994237345,92,4.4109507056425589e-05,4.53072758876374e-05,7.3292139509510476e-07,8.1813970378800341e-07,7.9696939546812313e-07,2.2320866217285244e-11,1.8336495197595647e-14,2.2897538349761659e-14,1.8731737232782518e-14,0.3271485149686747,8,0.3125
2.34375,30,1,0.3622639994237345,0.41995265689113453,34,1.6301339564331204e-05,1.6707071457448236e-05,2.6559183974864243e-07,2.5160014472014545e-07,2.8040968180832414e-07,8.2116874807290585e-12,5.1055509139407477e-15,4.156591667848974e-15,5.6412852686123959e-15,0,0,0
2.34375,30,2,0.41995265689113453,0.48682793297281829,58,2.7808167492094398e-05,2.8485403763864983e-05,4.0174386983156962e-07,4.8438034886903764e-07,4.4425474704400737e-07,1.3994138355723207e-11,6.7832056678316533e-15,9.4499065304392878e-15,8.6923038609302695e-15,0,0,0
2.34375,30,3,0.48682793297281829,0.56435274889575338,106,5.0821823347620781e-05,5.2216762615072535e-05,9.4928936691911516e-07,9.9076742591503339e-07,7.9763903252255381e-07,2.5730396632463292e-11,2.2704941681738095e-14,2.1808378556912259e-14,1.3838234281031007e-14,0,0,0
2.34375,30,4,0.56435274889575338,0.65422298848241345,184,8.8219014112851259e-05,9.0728057538238025e-05,1.5659379599608728e-06,1.7415588521641264e-06,1.6148922735865237e-06,4.4750717384374075e-11,3.702038810353337e-14,3.9699024509369313e-14,3.2519021837141429e-14,0.98115262939899195,24,0.31250000000000006
2.34375,30,5,0.65422298848241345,0.75840459623227807,245,0.00011746553509591615,0.00012064136026739705,1.9605586300577388e-06,1.9170177054939212e-06,2.3581250584626422e-06,5.9422426267120819e-11,4.4412113695919473e-14,4.0577302328598807e-14,5.2192008853748685e-14,0.98087194719119064,24,0.3125
2.34375,30,6,0.75840459623227807,0.87917658307983215,366,0.0001754791258983891,0.00018062495553327663,3.0973729211029205e-06,3.0152790288607603e-06,3.9726286975368022e-06,8.9172026377217023e-11,7.0557326734644571e-14,6.5836413269285428e-14,1.0374071886501516e-13,0,0,0
2.34375,30,7,0.87917658307983215,1.0191808805958185,579,0.00027760222375728782,0.0002850559264804981,4.7084294577530742e-06,5.091775363785849e-06,4.8380262883584082e-06,1.4037900473570018e-10,1.0039418912485272e-13,1.1050641089965016e-13,1.0221465048836294e-13,3.2680993943554841,80,0.31250000000000006
2.34375,30,8,1.0191808805958185,1.1814801342107033,909,0.00043582110776403215,0.00044790484049888837,8.0912767608922877e-06,7.7151554579847689e-06,7.9066906952266853e-06,2.2077026746850275e-10,1.7935135877750823e-13,1.686976596331278e-13,1.8053409203693498e-13,0.98005294430289813,24,0.3125
2.34375,30,9,1.1814801342107033,1.3696246997083523,1409,0.00067554668959242761,0.00069391977609247781,1.174672306099316e-05,1.2131434705417109e-05,1.2206277717374704e-05,3.4184134908624237e-10,2.5341129926024776e-13,2.5882153071760646e-13,2.5966963253469907e-13,4.8981289974871522,120,0.31250000000000006
2.34375,30,10,1.3696246997083523,1.5877303085628129,2153,0.001032258355353078,0.0010607977786437051,1.886684998403386e-05,1.8189816423999259e-05,1.8954137438401441e-05,5.2282028198531129e-10,4.1896781762178414e-13,3.9264649684149368e-13,4.215604409864054e-13,6.199722696172679,152,0.3125
2.34375,30,11,1.5877303085628129,1.8405681010759829,3476,0.0016665722448710083,0.0017120000361020816,2.9241574229450929e-05,2.9400931859646643e-05,3.05564960893078e-05,8.4343134800922253e-10,6.4179714990745081e-13,6.0898444516563544e-13,6.7039307767662408e-13,7.8252998568519736,192,0.31249999999999994
2.34375,30,12,1.8405681010759829,2.1336689968241092,5102,0.002446159836977001,0.002512489622163403,4.3554579592402166e-05,4.2523123490993445e-05,4.4143532508881229e-05,1.2376418127947603e-09,9.6273913658310574e-13,8.9392532266746956e-13,9.6746170568921837e-13,14.005330960659098,344,0.31250000000000011
2.34375,30,13,2.1336689968241092,2.473444685554973,7771,0.0037258149927771123,0.0038262371243883708,6.5469796774403569e-05,6.5805048176402752e-05,6.5916644675356159e-05,1.8844732996188484e-09,1.3940586596287897e-12,1.4145579695947419e-12,1.4220644223745524e-12,24.389194096429165,600,0.31250000000000011
2.34375,30,14,2.473444685554973,2.867327885256084,11700,0.005609578614784845,0.0057598998951193421,9.5318989768642748e-05,0.00010103072514890417,9.8859260484226552e-05,2.8363863283448645e-09,1.9679678733736794e-12,2.1698632369843685e-12,2.0860834467369489e-12,35.372227820670027,872,0.31249999999999989
2.34375,30,15,2.867327885256084,3.3239349355906174,17688,0.0084805321827617127,0.0087047940740312812,0.00014678803276315337,0.00014689046852947913,0.00014684936850947326,4.2850522552734171e-09,3.1146320095096471e-12,3.0510433728211382e-12,3.0211072466398573e-12,56.637355622857378,1400,0.3125
2.34375,30,16,3.3239349355906174,3.853254283492257,25750,0.012345867464161425,0.012666776524079895,0.00020768923454634851,0.00021138957661094468,0.00021148825164416592,6.2325942462121075e-09,4.2468971819896483e-12,4.3302479877124151e-12,4.3979981409735065e-12,83.215355561039217,2064,0.31249999999999983
2.34375,30,17,3.853254283492257,4.4668649841105328,37178,0.017825035362431331,0.018280578372655447,0.00029931996959128496,0.00029804356630928799,0.00029794555082794942,8.9909501640691783e-09,6.0744038954613253e-12,6.0475544495119495e-12,6.0631431610666941e-12,137.4291264456499,3424,0.31250000000000006
2.34375,30,18,4.4668649841105328,5.1781899968950968,52391,0.025118925915146167,0.025748612115979758,0.0004119503379072675,0.00041546949578543979,0.00041058175242031023,1.2657790450325545e-08,8.1366202550760644e-12,8.3346671308113691e-12,8.1850116547169528e-12,210.06738815731865,5264,0.31249999999999994
2.34375,30,19,5.1781899968950968,6.002789817763821,71996,0.034518565978636895,0.03535479990134402,0.00054747966743678923,0.00054965019990012645,0.00054781802477633142,1.7365575864973342e-08,1.0531136009653787e-11,1.0575723407233805e-11,1.057385249886326e-11,328.37498258590426,8288,0.31250000000000022
2.34375,30,20,6.002789817763821,6.9587028706662144,95046,0.04556991530091211,0.046633762150563661,0.00069812709950471609,0.00070320591913991255,0.00069256402286039251,2.2885525481817204e-08,1.298736619357081e-11,1.3200385080281222e-11,1.2814766562412122e-11,510.52855700537106,13000,0.31249999999999994
2.34375,30,21,6.9587028706662144,8.0668401047326874,119907,0.057489550680568685,0.058770271167832719,0.00084341306171275198,0.0008396795247018941,0.00083954261396980184,2.8810830900989424e-08,1.504376704315358e-11,1.477562800806028e-11,1.4882452617519522e-11,821.10608683299472,21136,0.31249999999999978
2.34375,30,22,8.0668401047326874,9.3514424289671698,144941,0.069492131111537792,0.070952180777443336,0.00096037017933646635,0.00096132422324863914,0.0009565133351748991,3.473893644729068e-08,1.6131542021511945e-11,1.6129036350126098e-11,1.5988345444278502e-11,1258.1931395760093,32800,0.31250000000000061
2.34375,30,23,9.3514424289671698,10.840610991035037,165181,0.079196222663939109,0.080742205523211749,0.0010222720180855021,0.0010156296013652489,0.0010127251130690384,3.9473651501065044e-08,1.5977932282843594e-11,1.5892479093731838e-11,1.5671891867479561e-11,1974.814797886123,52224,0.31250000000000094
2.34375,30,24,10.840610991035037,12.566921900189588,177712,0.085204225195714842,0.086736274406177427,0.0010117147741349002,0.0010070517426115297,0.0010074309888870991,4.233908501795697e-08,1.4537208890488696e-11,1.4473135261179511e-11,1.4518656593477988e-11,3091.7863332225329,83064,0.31249999999999928
2.34375,30,25,12.566921900189588,14.568138841626885,180240,0.086416277737437694,0.087831813184587521,0.0009335495557381559,0.0009309852830954368,0.00093454063268289846,4.2805518843229615e-08,1.229464973072003e-11,1.2180555051980084e-11,1.2382597896324063e-11,4832.377464652609,132024,0.31250000000000105
2.34375,30,26,14.568138841626885,16.88803917096962,172882,0.082888476075255429,0.084110037856602704,0.00081051308545862933,0.00080232241952213107,0.00080544998622777302,4.0924544826243626e-08,9.6056868084851067e-12,9.4417232454566908e-12,9.5291193780056994e-12,7487.5105925337502,208104,0.31250000000000216
2.34375,30,27,16.88803917096962,19.57737156000044,157575,0.075549517113170123,0.076542859451842346,0.00065955154981773385,0.00065532000271039271,0.00065364829759882519,3.7183729765453054e-08,7.0406815241006809e-12,6.9390819833471004e-12,6.9412131175468763e-12,11700.326264255367,330776,0.31249999999999672
2.34375,30,28,19.57737156000044,22.694966142496774,137278,0.065818096844440399,0.066582058286041773,0.0005059036437639608,0.00050260606988947046,0.00050701150038834244,3.2295193628080725e-08,4.7454623658636383e-12,4.6985428594102889e-12,4.8139704048263712e-12,18137.667817195488,485464,0.33690613451668755
2.34375,30,29,22.694966142496774,26.309021445014803,115255,0.055259143867240082,0.055823395935163542,0.00037363614479875388,0.00037362610227051845,0.00037317540829954674,2.7039059566628967e-08,3.0954409192208369e-12,3.080780833415943e-12,3.0810066362379907e-12,28246.033482920531,492560,0.45609831041121751
2.34375,30,30,26.309021445014803,30.498596254706754,93817,0.044980669820778654,0.045380255421222357,0.00026276606846024301,0.00026580178051600981,0.00026561483359329677,2.1951626859634402e-08,1.8871452419484345e-12,1.9319143593846614e-12,1.9260457553465354e-12,43770.689224588859,372544,0.56684711088532136
2.34375,30,31,30.498596254706754,35.355339059327356,74598,0.035766097906470305,0.036041877248711357,0.00018313424163502812,0.00018269233719501584,0.00018273796748298536,1.7413997554783792e-08,1.1500359605609815e-12,1.1473301059926369e-12,1.1465238858104479e-12,68257.794287840487,286440,0.61964317546487668
2.34375,30,32,35.355339059327356,40.98549289156513,58273,0.027939057659776986,0.028125913065192808,0.00012377422213983631,0.00012415146616333577,0.00012402472052242932,1.357544363329527e-08,6.7702505058736494e-13,6.7451097203971403e-13,6.7490395539525176e-13,105907.73931765233,401560,0.625000000000004
2.34375,30,33,40.98549289156513,47.512219434404557,44903,0.02152879560168211,0.021653318374279116,8.2598229613827312e-05,8.2151865390478333e-05,8.3275695227728907e-05,1.0441905156556363e-08,3.914239934085397e-13,3.8276633955256953e-13,3.9743710152728925e-13,164003.96480656831,501024,0.76939614716495086
2.34375,30,34,47.512219434404557,55.078293228177536,34220,0.016406818820333749,0.016489464989201851,5.4398320093938907e-05,5.4707628930931033e-05,5.5598986118765189e-05,7.9458020803928055e-09,2.2394278710954119e-13,2.1994257808270501e-13,2.3053238427029025e-13,255110.68259314389,452048,1.0116391004051264
2.34375,30,35,55.078293228177536,63.849224916072913,25893,0.012414428980564322,0.012467905055642834,3.5178038701549799e-05,3.5974524743453298e-05,3.5473366394235106e-05,6.0035483358194503e-09,1.2333414826336403e-13,1.2797951849971072e-13,1.2539723069554586e-13,396182.49807762937,307384,1.1969374959446961
2.34375,30,36,63.849224916072913,74.016881850246818,19485,0.0093421059238526678,0.0093768399593445843,2.2808648532917547e-05,2.305907437383404e-05,2.3416525502252723e-05,4.5124788142878888e-09,6.9456983746653068e-14,7.0651312905875077e-14,7.2060511235826522e-14,617294.11332385475,309712,1.2479007422216559
2.34375,30,37,74.016881850246818,85.803685260622203,14627,0.0070129321708084225,0.0070353715084569999,1.46730580238438e-05,1.5063640430243833e-05,1.5040834358143487e-05,3.3839243837450727e-09,3.813377628166844e-14,3.9266109812668052e-14,3.9157968729389736e-14,960096.87459023087,457168,1.2990769353219285
2.34375,30,38,85.803685260622203,99.467475800986691,10923,0.0052370450606234785,0.005251536442222678,9.6717429552188997e-06,9.7627460345012136e-06,9.4909766980961715e-06,2.5248307734868903e-09,2.1939622760844596e-14,2.2443751607649811e-14,2.1268664368453072e-14,1490465.8787505794,489816,1.7312403947051622
2.34375,30,39,99.467475800986691,115.30715390799679,8154,0.0039094447884576826,0.0039188296284200499,6.3671259237391909e-06,6.2525048341758849e-06,6.117932867121081e-06,1.8834024609604958e-09,1.2543348477477733e-14,1.2655809810869568e-14,1.1945113379461156e-14,2313312.5935497363,398440,2.1842255891857656
2.34375,30,40,115.30715390799679,133.66921835801284,6079,0.0029145836238697355,0.0029206303607979796,3.9975486015055566e-06,4.0320814322079045e-06,4.0459952422533393e-06,1.4032073286263448e-09,6.5896355172899444e-15,6.9904886104090614e-15,7.0513157811852252e-15,3620331.1860028603,280288,2.457245151063796
2.34375,30,41,133.66921835801284,154.95534605509826,4532,0.002172872673692601,0.0021766666444702418,2.5273693994816087e-06,2.5066008569275837e-06,2.5445331187116242e-06,1.0454289182570785e-09,3.519214600519559e-15,3.7552902588886515e-15,3.7665735824315306e-15,5609595.6800208874,352208,2.4997009545643682
2.34375,30,42,154.95534605509826,179.63117886082782,3364,0.0016128737145414481,0.0016152597186841916,1.5978561243183663e-06,1.4976063295782485e-06,1.6715285702971041e-06,7.7558453594282663e-10,1.9061675168094201e-15,1.7238667785146648e-15,2.0837821464154812e-15,8747109.5900719296,487192,2.8254134830322712
2.34375,30,43,179.63117886082782,208.23650968103576,2507,0.0012019840672875808,0.0012034961057116613,1.0650491604028967e-06,9.5976114084773913e-07,9.9653069411896649e-07,5.7774387157370304e-10,1.1310636298952914e-15,9.8584504858647578e-16,1.036486081831548e-15,13595749.369948126,469856,3.7900825181661428
2.34375,30,44,208.23650968103576,241.39709063389191,1864,0.00089369696905626614,0.00089468698123870661,6.6865375910459303e-07,6.6031432418913126e-07,6.4946414068686498e-07,4.2943414162484915e-10,6.6160118667010751e-16,5.8230042526284938e-16,5.9730814122549529e-16,21166668.710111253,343312,4.6232118486880882
2.34375,30,45,241.39709063389191,279.8383216073197,1386,0.00066451931282832154,0.00066516242214815363,4.1936455021621501e-07,4.3489091663057483e-07,4.3110243903899999e-07,3.1922165017781733e-10,3.1078955188582746e-16,3.4522911471904216e-16,3.2333405115435646e-16,33050564.079249747,283504,4.9697504900272573
2.34375,30,46,279.8383216073197,324.40111864797723,1030,0.00049383469856650473,0.00049424278569023443,2.458220605586741e-07,3.0749469794184177e-07,2.6237163114785302e-07,2.3716116986225331e-10,1.5336090659610698e-16,2.172544507612714e-16,1.7725304876500444e-16,51353483.911558449,406768,4.999999999999849
2.34375,30,47,324.40111864797723,376.06030930863892,766,0.0003672595913611097,0.00036753191249285806,1.8400738158913745e-07,1.8312213947071343e-07,1.7723391221355589e-07,1.7634430165981887e-10,1.0631672813697483e-16,1.0402627436605622e-16,1.0554443828184659e-16,79959941.489757508,492432,6.2773191010231439
2.34375,30,48,376.06030930863892,435.94595735895734,572,0.0002742460656116902,0.000274426102136452,1.2183105162005056e-07,1.2186545082658481e-07,1.162116401272079e-07,1.3166031187931369e-10,6.5140271758642841e-17,5.97955257909352e-17,6.2828321830239314e-17,124605099.01631764,440144,8.17234096107439
2.34375,30,49,435.94595735895734,505.36808334548709,421,0.00020184893989951317,0.00020195581360449392,7.3817438565426447e-08,6.7104925846308453e-08,7.2744181745121014e-08,9.6879229368768342e-11,3.1292950441121088e-17,2.6580233479260503e-17,2.9786139798574713e-17,194062477.71315366,300112,9.6025330682009837
2.34375,30,50,505.36808334548709,585.84532177229869,316,0.00015150656771554903,0.00015158072962558316,4.5033470905307545e-08,4.4665947029649519e-08,5.8571959452001199e-08,7.2711139386653394e-11,1.6479787993093557e-17,2.0537566978253225e-17,2.5523688370864218e-17,301687425.03743333,306544,9.9844969541527835
2.34375,30,51,585.84532177229869,679.13814178853681,236,0.00011315047462300492,0.00011319199886481904,3.0202007862883839e-08,2.3175097164713662e-08,2.9649831508712278e-08,5.4289954755797414e-11,9.945784826874855e-18,6.4153957360998209e-18,1.0094749542504852e-17,470866573.04500329,452344,10.397309338429768
2.34375,30,52,679.13814178853681,787.28735809765953,174,8.3424502476283244e-05,8.3451391323164625e-05,1.6868269715708614e-08,1.9315620515853302e-08,1.7581356940405682e-08,4.0023764538429939e-11,4.255985574067885e-18,5.5403245813151089e-18,4.6937534124938222e-18,734708790.44469392,486264,13.833437355694768
2.34375,30,53,787.28735809765953,912.65877452865277,128,6.1369748948070406e-05,6.1386307468102043e-05,1.2875055116530209e-08,8.9407099222740935e-09,1.1295317736161421e-08,2.9439678407298795e-11,2.8801090959209898e-18,1.5523759863314022e-18,2.1699389271481401e-18,1140525663.0645962,398488,17.421297107471908
2.34375,30,54,912.65877452865277,1057.9949368637251,64,3.0684874474035196e-05,3.0693305640397864e-05,6.2778005684617657e-09,3.9368248026210139e-09,6.6444475903895487e-09,1.4719985001899597e-11,1.3729940778399943e-18,5.0213018551979678e-19,1.8177061823831222e-18,1782868809.8527021,278560,19.637468359439353
2.34375,30,55,1057.9949368637251,1226.4751270346055,0,0,0,0,0,0,0,0,0,0,2767440679.0597878,345864,19.996521352423724
2.34375,30,56,1226.4751270346055,1421.7849110825259,0,0,0,0,0,0,0,0,0,0,4299574546.9544191,481296,22.341486501611076
2.34375,30,57,1421.7849110825259,1648.1967622690402,0,0,0,0,0,0,0,0,0,0,6737040985.4841442,471392,30.037421732513351
2.34375,30,58,1648.1967622690402,1910.6635229978629,0,0,0,0,0,0,0,0,0,0,10479000209.99818,348896,36.758578834325661
2.34375,30,59,1910.6635229978629,2214.9267500615965,0,0,0,0,0,0,0,0,0,0,16312371891.485432,279984,39.714022240598311
2.34375,30,60,2214.9267500615965,2567.6423133053681,0,0,0,0,0,0,0,0,0,0,25362950783.794228,395800,40.000000000004626
2.34375,30,61,2567.6423133053681,2976.5259952243618,0,0,0,0,0,0,0,0,0,0,39622434758.720009,491928,49.350912238125169
2.34375,30,62,2976.5259952243618,3450.5222765398048,0,0,0,0,0,0,0,0,0,0,61586972928.28299,445136,64.548037842546549
2.34375,30,63,3450.5222765398048,3999.9999999999995,0,0,0,0,0,0,0,0,0,0,68559316512274.359,5558752,299.28965331936593
4.6875,60,0,0.3125,0.3622639994237345,75,3.5958837274259992e-05,3.6968569414580539e-05,6.1150337369488428e-07,7.151260165281212e-07,6.5400814070939422e-07,1.8228251683630894e-11,1.166279320684706e-14,1.5587389667951017e-14,1.5484085019450893e-14,0.32714091816714441,8,0.3125
4.6875,60,1,0.3622639994237345,0.41995265689113453,41,1.9657497709928804e-05,2.0154795519517093e-05,2.9606631324048154e-07,2.885437163628337e-07,3.9029023773262071e-07,9.9115851837366455e-12,6.4876970746731116e-15,6.0618094326716533e-15,9.8464122046092064e-15,0,0,0
4.6875,60,2,0.41995265689113453,0.48682793297281829,64,3.0684874474035196e-05,3.1621258951856385e-05,7.603804521595235e-07,5.7213593066905194e-07,4.9942084582459309e-07,1.5630494253720317e-11,2.4487993723259649e-14,1.4697136362590355e-14,8.8356911107799764e-15,0,0,0
4.6875,60,3,0.48682793297281829,0.56435274889575338,108,5.1780725674934384e-05,5.321435320647135e-05,8.6673632069553606e-07,1.0821297723784431e-06,8.6612659286825479e-07,2.6227220630680472e-11,1.6882499701014659e-14,2.6674478731319952e-14,1.9997466531308477e-14,0,0,0
4.6875,60,4,0.56435274889575338,0.65422298848241345,154,7.3835479203147216e-05,7.5948439866325708e-05,1.3451800386904022e-06,1.4599974859525382e-06,1.3377545669416057e-06,3.7468439962956589e-11,2.8794015588228226e-14,3.3947489579537409e-14,3.2974777026820578e-14,0.98114306274898433,24,0.31250000000000006
4.6875,60,5,0.65422298848241345,0.75840459623227807,263,0.00012609565604173857,0.00012952271116958646,2.2743353289131005e-06,2.006461238574024e-06,2.4469112336857738e-06,6.3806294853704059e-11,4.9873705844854393e-14,4.2773359224665969e-14,5.4214099188966919e-14,0.980868674252944,24,0.31249999999999994
4.6875,60,6,0.75840459623227807,0.87917658307983215,381,0.00018267089335324111,0.00018794001296733916,3.6476144334911857e-06,3.1879404454604972e-06,3.4990523022222158e-06,9.273669940670781e-11,8.4014207146221913e-14,6.8016012981398851e-14,8.0125483181263595e-14,0,0,0
4.6875,60,7,0.87917658307983215,1.0191808805958185,592,0.00028383508888482623,0.00029154430687562438,4.921404636793915e-06,5.1899842639474526e-06,5.0200835782847699e-06,1.4362161154542247e-10,1.0473324729516174e-13,1.0721915836593168e-13,1.0795046834622199e-13,3.2680869205270602,80,0.31250000000000011
4.6875,60,8,1.0191808805958185,1.1814801342107033,916,0.00043917726590962989,0.00045140271621762308,8.2945637880510012e-06,7.1351397139449466e-06,8.5664600261580789e-06,2.2251530642919495e-10,1.8592155990175095e-13,1.4285166658967048e-13,1.969938979632157e-13,0.98004893842476415,24,0.31250000000000006
4.6875,60,9,1.1814801342107033,1.3696246997083523,1357,0.00065061522908227464,0.00066807161138591402,1.1461909775521189e-05,1.1252234160338748e-05,1.1556591523539014e-05,3.2899940581784845e-10,2.549732868955667e-13,2.3256157821928786e-13,2.5658839570285514e-13,4.8980898858519479,120,0.3125
4.6875,60,10,1.3696246997083523,1.5877303085628129,2219,0.0010639021321544261,0.0010931297604360023,1.8519704553273362e-05,1.9269216919406955e-05,1.9599407739381124e-05,5.3865055060145085e-10,3.8367114652814877e-13,4.0736031079007285e-13,4.2363858876878979e-13,6.199681579247514,152,0.31249999999999994
4.6875,60,11,1.5877303085628129,1.8405681010759829,3374,0.001617668226178016,0.0016611725165709133,2.8384661606249886e-05,2.8800814966872817e-05,2.8239137944459581e-05,8.1810389122771807e-10,6.1943797974569257e-13,6.047985141242945e-13,6.0309214789972142e-13,7.8252450613657842,192,0.3125
4.6875,60,12,1.8405681010759829,2.1336689968241092,5070,0.002430817399739982,0.002496620970526788,4.2752765047005158e-05,4.2631552516616124e-05,4.3823236328452214e-05,1.2297609942178584e-09,8.8099303402469396e-13,9.2196304749544734e-13,9.5971593348619691e-13,14.005274470663752,344,0.31249999999999994
4.6875,60,13,2.1336689968241092,2.473444685554973,7763,0.0037219793834678576,0.0038228369152859838,6.5217141804815593e-05,6.6510414191068635e-05,6.6281573205145131e-05,1.8830794144587683e-09,1.4133337602666327e-12,1.4519519881177989e-12,1.4268073556041878e-12,24.389197601169975,600,0.31249999999999994
4.6875,60,14,2.473444685554973,2.867327885256084,11789,0.0056522497683503042,0.0058047919332615307,9.9525165551994185e-05,0.00010077193534210492,9.9258082896423115e-05,2.8590226068173955e-09,2.1132401689112306e-12,2.1381272798299964e-12,2.1038180959416216e-12,35.372427446365307,872,0.31249999999999989
4.6875,60,15,2.867327885256084,3.3239349355906174,17709,0.0084906006571985014,0.0087136297794465946,0.00014476215158171451,0.00014821045215558949,0.00014520324589478343,4.2886392111841647e-09,3.0179878854738947e-12,3.0614698369060041e-12,2.9790762800081139e-12,56.637747812657878,1400,0.31250000000000017
4.6875,60,16,3.3239349355906174,3.853254283492257,25873,0.01240483995729119,0.012727799327345914,0.00021145501117883475,0.00021094531177704969,0.00021215670651177228,6.2628911680852375e-09,4.3489042885073148e-12,4.3155959928802642e-12,4.3992777726564234e-12,83.215953307135379,2064,0.31250000000000011
4.6875,60,17,3.853254283492257,4.4668649841105328,37192,0.017831747678722528,0.018287079812435724,0.00029819343124908422,0.00029780823692916947,0.00029892567576217421,8.9939450576890913e-09,6.0458038156952244e-12,6.0229846751846112e-12,6.1040048526486859e-12,137.42962921415446,3424,0.3125
4.6875,60,18,4.4668649841105328,5.1781899968950968,52260,0.025056117812707092,0.025684468639681646,0.00041127688151459799,0.00041377390753963717,0.0004103091973784431,1.2626382363072998e-08,8.177367281312691e-12,8.2714573265495254e-12,8.1674315217354175e-12,210.06784430763068,5264,0.31250000000000006
4.6875,60,19,5.1781899968950968,6.002789817763821,72073,0.034555483718238425,0.03539363085389597,0.00054850501575426272,0.0005513489597603103,0.00054879231420779074,1.7385176184109834e-08,1.0553632527381384e-11,1.0650743853867736e-11,1.0579890101085554e-11,328.37633265455622,8288,0.31249999999999978
4.6875,60,20,6.002789817763821,6.9587028706662144,94999,0.045547381096220266,0.046609485497331633,0.00069755397552276267,0.00070066949501760645,0.00069229102309115447,2.2872998752328895e-08,1.2951745991209217e-11,1.3068412078646614e-11,1.2801468380996099e-11,510.52974560902362,13000,0.31250000000000039
4.6875,60,21,6.9587028706662144,8.0668401047326874,119889,0.057480920559622881,0.058762100409316766,0.00084245793179024188,0.00084201953122251308,0.00083902689054173181,2.8807158946091934e-08,1.4999940779484135e-11,1.4894549666234138e-11,1.490307134605712e-11,821.10665450979764,21136,0.31249999999999989
4.6875,60,22,8.0668401047326874,9.3514424289671698,144954,0.069498363976665326,0.07095902080010516,0.00096049793510348026,0.00096226555728254836,0.00095666517877093012,3.4742503001845155e-08,1.6109053454355979e-11,1.6141622897226436e-11,1.598045565064035e-11,1258.1948538277938,32800,0.31250000000000006
4.6875,60,23,9.3514424289671698,10.840610991035037,165201,0.079205811687212233,0.08075023762184233,0.0010205753829432818,0.0010140817872696115,0.0010129233345098736,3.9476722355095145e-08,1.5960936357821088e-11,1.5844595138884475e-11,1.5661199925067345e-11,1974.8152688999016,52224,0.31250000000000061
4.6875,60,24,10.840610991035037,12.566921900189588,177461,0.085083882953637141,0.086614142702028482,0.0010110253366794283,0.001004410175244088,0.0010072221606420497,4.2279651483098594e-08,1.454577752825004e-11,1.4427683605832699e-11,1.4522268819193517e-11,3091.7859527288488,83064,0.31250000000000117
4.6875,60,25,12.566921900189588,14.568138841626885,180347,0.086467579011948903,0.08788311161095716,0.00093389109568972855,0.00093076227170993181,0.00093443554460607081,4.2830102896942484e-08,1.2272832621429158e-11,1.2157711277690603e-11,1.2374916079483578e-11,4832.3767103375794,132024,0.31249999999999972
4.6875,60,26,14.568138841626885,16.88803917096962,173116,0.083000667647550985,0.084225829332500904,0.00081388862287660102,0.00080489042906836672,0.00080658567239034931,4.0981847092692209e-08,9.6916324670452437e-12,9.4943483189845775e-12,9.5593534139772202e-12,7487.0804604675386,208092,0.31249999999999878
4.6875,60,27,16.88803917096962,19.57737156000044,157450,0.075489585717713081,0.076481495211725606,0.00065804482854646472,0.00065470405197398033,0.00065294629646655991,3.715360132107861e-08,7.0064062119825667e-12,6.9309769336634671e-12,6.9333746468509955e-12,11700.752763662831,330788,0.31250000000000028
4.6875,60,28,19.57737156000044,22.694966142496774,137316,0.065836315988659327,0.066600036916132532,0.00050553485359603801,0.00050252005132891497,0.00050699675572942068,3.2303692531627435e-08,4.7328710024393564e-12,4.6980804400577333e-12,4.8081442430049082e-12,18137.666203733261,485464,0.33690614041184452
4.6875,60,29,22.694966142496774,26.309021445014803,115168,0.055217431616001997,0.055781379458568363,0.00037360852327661929,0.00037350402086948028,0.00037271412133222542,2.7018770172349997e-08,3.1058395360478535e-12,3.0799130164307809e-12,3.0776766866150153e-12,28246.031469224865,492560,0.45609836358831013
4.6875,60,30,26.309021445014803,30.498596254706754,93800,0.044972519150996496,0.045372045418650406,0.00026277868216978477,0.00026571144690360892,0.00026557627862150207,2.1947660929134689e-08,1.8865445131932989e-12,1.9290240274064288e-12,1.9262920933897383e-12,43770.688033793078,372544,0.56684713831179911
4.6875,60,31,30.498596254706754,35.355339059327356,74730,0.035829385460072923,0.036105799806903843,0.00018375514365227965,0.00018288502622250977,0.00018318467832177378,1.7444954499067207e-08,1.1563099941963764e-12,1.1489300634340013e-12,1.1504103031610254e-12,68257.793159714376,286440,0.61964317618664833
4.6875,60,32,35.355339059327356,40.98549289156513,58196,0.027902139920175394,0.028088885995664462,0.0001235800338610859,0.00012414251876301528,0.00012400831889921324,1.3557638982139545e-08,6.7642896168561775e-13,6.7521516559913461e-13,6.7581791080057283e-13,105907.73844227594,401560,0.62499999999999789
4.6875,60,33,40.98549289156513,47.512219434404557,44889,0.02152208328539091,0.021646527741285258,8.2457920975813909e-05,8.2122135363248033e-05,8.3290440183206275e-05,1.0438611176724915e-08,3.9001737880370077e-13,3.8250446384944615e-13,3.9755419405959532e-13,164003.96440766414,501024,0.76939613482199976
4.6875,60,34,47.512219434404557,55.078293228177536,34208,0.016401065406369864,0.016483714877101801,5.4376021998451125e-05,5.4749458645144636e-05,5.5586067957447781e-05,7.9430467596190033e-09,2.2335123848398095e-13,2.2025252592949379e-13,2.3024958455037185e-13,255110.68178418462,452048,1.0116391039317545
4.6875,60,35,55.078293228177536,63.849224916072913,25905,0.012420182394528202,0.012473610129456516,3.5162593420563834e-05,3.5876410662177258e-05,3.5490888922601056e-05,6.0062601517477354e-09,1.2334207256173161e-13,1.2730115956546796e-13,1.2543813670734638e-13,396182.49755742983,307384,1.1969374936335475
4.6875,60,36,63.849224916072913,74.016881850246818,19494,0.009346420984325577,0.0093812055875260088,2.2819405263007431e-05,2.314111021332012e-05,2.3424413542048077e-05,4.514596384729392e-09,6.9505414135672367e-14,7.1070473255381213e-14,7.2106350177450887e-14,617294.11270623747,309712,1.2479007420530375
4.6875,60,37,74.016881850246818,85.803685260622203,14622,0.007010534914990138,0.0070329642804145606,1.4681891416746051e-05,1.5041982098363109e-05,1.5033713258361819e-05,3.3827654552997914e-09,3.8252911990052458e-14,3.9184060642123037e-14,3.9141395216950916e-14,960096.87434268557,457168,1.2990769339314308
4.6875,60,38,85.803685260622203,99.467475800986691,10931,0.0052408806699327341,0.0052553756335872396,9.685581408887375e-06,9.7678797081710208e-06,9.4791870923663883e-06,2.5266731867102848e-09,2.1965469540604083e-14,2.2455498101567466e-14,2.1194602540393459e-14,1490465.8789178343,489816,1.7312403964877345
4.6875,60,39,99.467475800986691,115.30715390799679,8151,0.0039080064349667123,0.00391739665168032,6.3533599851901132e-06,6.2578575982305297e-06,6.1370546977952373e-06,1.8827180181335581e-09,1.2496753696419623e-14,1.2673934473035103e-14,1.2024423704896366e-14,2313312.5931214308,398440,2.1842255879053623
4.6875,60,40,115.30715390799679,133.66921835801284,6073,0.0029117069168877949,0.0029177427677638448,3.9985934723683553e-06,4.0226042994727518e-06,4.0326834934650631e-06,1.4018176359671238e-09,6.6145844343923123e-15,6.9796879707227425e-15,7.0193338064539911e-15,3620331.1854302157,280288,2.4572451512274052
4.6875,60,41,133.66921835801284,154.95534605509826,4532,0.002172872673692601,0.002176665888940491,2.5251534058190955e-06,2.5049221371237783e-06,2.5469270723078046e-06,1.0454281888007765e-09,3.5060968089414691e-15,3.740028604442981e-15,3.771812547321121e-15,5609595.6799152326,352208,2.4997009545648599
4.6875,60,42,154.95534605509826,179.63117886082782,3367,0.0016143120680324184,0.0016167006260701632,1.6010019774883885e-06,1.4983740491353556e-06,1.6727164793068134e-06,7.7627660816547411e-10,1.9097947880173059e-15,1.724331753217398e-15,2.0864184195502463e-15,8747109.5899707433,487192,2.825413483309791
4.6875,60,43,179.63117886082782,208.23650968103576,2506,0.001201504616123924,0.0012030173817839825,1.0650948473642481e-06,9.6017622505759208e-07,9.9752181879219956e-07,5.775146967417229e-10,1.1314482879262695e-15,9.8598296903931884e-16,1.0381465776720529e-15,13595749.369953264,469856,3.7900825179573858
4.6875,60,44,208.23650968103576,241.39709063389191,1863,0.00089321751789260941,0.00089420645883644652,6.6865264216114177e-07,6.5981185927225465e-07,6.4782768627577436e-07,4.2920323982039995e-10,6.6223082709793363e-16,5.8165854431730975e-16,5.9501621744531985e-16,21166668.710024048,343312,4.6232118485962719
4.6875,60,45,241.39709063389191,279.8383216073197,1390,0.00066643711748294869,0.00066708295085949774,4.2301696826718802e-07,4.3589234610585541e-07,4.3189261600937962e-07,3.2014375791901028e-10,3.1478053480207708e-16,3.4617495332438495e-16,3.235420067537973e-16,33050564.079184428,283504,4.9697504899919389
4.6875,60,46,279.8383216073197,324.40111864797723,1029,0.000493355247402848,0.00049376223672040382,2.4382474044806509e-07,3.0746964893805916e-07,2.6220020820739106e-07,2.3693024288091866e-10,1.5034888842992617e-16,2.1725453125392165e-16,1.7719319368675265e-16,51353483.911595926,406768,4.999999999999611
4.6875,60,47,324.40111864797723,376.06030930863892,765,0.00036678014019745286,0.00036705221668995546,1.8361200045390276e-07,1.8311935079059545e-07,1.7714292813481751e-07,1.7611419359657585e-10,1.0616065835689915e-16,1.0402616947484341e-16,1.055361780024066e-16,79959941.489810586,492432,6.2773191010238163
4.6875,60,48,376.06030930863892,435.94595735895734,571,0.00027376661444803341,0.00027394640295227334,1.2145245405941076e-07,1.2184768628728157e-07,1.1611208886642585e-07,1.3143020057227745e-10,6.4997580305015374e-17,5.9795092821956521e-17,6.2818426571428318e-17,124605099.01605344,440144,8.1723409611183886
4.6875,60,49,435.94595735895734,505.36808334548709,422,0.00020232839106316998,0.0002024355128253062,7.4196083820974013e-08,6.7122627976014395e-08,7.2843820802549406e-08,9.7109340711021728e-11,3.1435832783634369e-17,2.6580554639457056e-17,2.9796059805237231e-17,194062477.71323138,300112,9.6025330681823338
4.6875,60,50,505.36808334548709,585.84532177229869,316,0.00015150656771554903,0.00015158072963884824,4.5033490118888004e-08,4.4665952182041868e-08,5.8571961595522456e-08,7.2711139399383265e-11,1.6479805617235874e-17,2.0537570892200035e-17,2.5523691375718255e-17,301687425.03749686,306544,9.9844969541519966
4.6875,60,51,585.84532177229869,679.13814178853681,236,0.00011315047462300492,0.00011319199887107486,3.0202017593925173e-08,2.3175104732920779e-08,2.9649826713231234e-08,5.4289954761799895e-11,9.9457930874593987e-18,6.4154077928014821e-18,1.009475285308276e-17,470866573.04492414,452344,10.39730933843116
4.6875,60,52,679.13814178853681,787.28735809765953,174,8.3424502476283244e-05,8.3451391325512967e-05,1.6868273109777101e-08,1.9315621309094337e-08,1.758135744737433e-08,4.0023764540682952e-11,4.2559876797317778e-18,5.5403247259285192e-18,4.6937535910095599e-18,734708790.44454491,486264,13.833437355693492
4.6875,60,53,787.28735809765953,912.65877452865277,128,6.1369748948070406e-05,6.1386307469212307e-05,1.2875056703483077e-08,8.9407102783684816e-09,1.1295318012561087e-08,2.9439678408363939e-11,2.8801100349629512e-18,1.5523760950080559e-18,2.1699390694064196e-18,1140525663.0646784,398488,17.42129710747157
4.6875,60,54,912.65877452865277,1057.9949368637251,64,3.0684874474035196e-05,3.0693305640744639e-05,6.2778010679486425e-09,3.9368249356812385e-09,6.6444476510785271e-09,1.4719985002232273e-11,1.3729943707925533e-18,5.0213022139366129e-19,1.8177062060132426e-18,1782868809.8543558,278560,19.637468359440042
4.6875,60,55,1057.9949368637251,1226.4751270346055,0,0,0,0,0,0,0,0,0,0,2767440679.063427,345864,19.996521352424313
4.6875,60,56,1226.4751270346055,1421.7849110825259,0,0,0,0,0,0,0,0,0,0,4299574546.957489,481296,22.341486501610728
4.6875,60,57,1421.7849110825259,1648.1967622690402,0,0,0,0,0,0,0,0,0,0,6737040985.486845,471392,30.037421732510971
4.6875,60,58,1648.1967622690402,1910.6635229978629,0,0,0,0,0,0,0,0,0,0,10479000209.999947,348896,36.758578834327061
4.6875,60,59,1910.6635229978629,2214.9267500615965,0,0,0,0,0,0,0,0,0,0,16312371891.487419,279984,39.714022240597906
4.6875,60,60,2214.9267500615965,2567.6423133053681,0,0,0,0,0,0,0,0,0,0,25362950783.796753,395800,40.000000000004796
4.6875,60,61,2567.6423133053681,2976.5259952243618,0,0,0,0,0,0,0,0,0,0,39622434758.723083,491928,49.350912238125623
4.6875,60,62,2976.5259952243618,3450.5222765398048,0,0,0,0,0,0,0,0,0,0,61586972928.287766,445136,64.548037842546563
4.6875,60,63,3450.5222765398048,3999.9999999999995,0,0,0,0,0,0,0,0,0,0,68559316512277.203,5558752,299.289653319357
6.953125,89,0,0.3125,0.3622639994237345,74,3.5479386110603197e-05,3.6448243270443633e-05,6.0276758034527678e-07,6.2698883697303274e-07,6.7176466996102275e-07,1.7957835574290179e-11,1.3110320819874657e-14,1.3374484196733284e-14,1.3077987412209657e-14,0.32712613503696442,8,0.3125
6.953125,89,1,0.3622639994237345,0.41995265689113453,51,2.4452009346496798e-05,2.5085487964219942e-05,4.377357581672895e-07,3.5493933649716742e-07,4.516394600966879e-07,1.2342369458951019e-11,1.1249284404458513e-14,6.6635929170688778e-15,8.6982906347857875e-15,0,0,0
6.953125,89,2,0.41995265689113453,0.48682793297281829,62,2.9725972146721597e-05,3.0551799294484704e-05,5.1155646347886017e-07,5.3780081758384696e-07,5.7021122806779962e-07,1.5060202356341541e-11,9.7390457798165704e-15,1.3646880375488775e-14,1.4071576723520119e-14,0,0,0
6.953125,89,3,0.48682793297281829,0.56435274889575338,89,4.2671153565455191e-05,4.3945401621597267e-05,7.1994663943343308e-07,1.0169772292788806e-06,7.5914678779779986e-07,2.170708269737254e-11,1.6673778138002574e-14,3.2700599874229042e-14,1.220949797875498e-14,0,0,0
6.953125,89,4,0.56435274889575338,0.65422298848241345,150,7.1917674548520024e-05,7.4158556740483634e-05,1.5913965226184941e-06,1.5670581302326424e-06,1.2295234931911601e-06,3.6677080247371248e-11,3.7531087378316907e-14,3.9349821675773818e-14,2.775994262837043e-14,0.98110047749620999,24,0.3125
6.953125,89,5,0.65422298848241345,0.75840459623227807,255,0.00012226004673248416,0.00012538928305404895,2.1446361511018093e-06,1.8655917740182561e-06,2.1374979657854134e-06,6.1673829152613038e-11,4.220696052422759e-14,3.8752767017861098e-14,4.2351374555417718e-14,0.98083253419935934,24,0.31250000000000006
6.953125,89,6,0.75840459623227807,0.87917658307983215,396,0.00018986266080809315,0.00019540587293994367,3.619647034865396e-06,3.7918420766343188e-06,3.4609859315380665e-06,9.645272094816739e-11,8.451235163438717e-14,8.7657296619297749e-14,7.846290787915828e-14,0,0,0
6.953125,89,7,0.87917658307983215,1.0191808805958185,560,0.00026849265164780858,0.00027581370251082514,5.1271764370488439e-06,4.6926584084279658e-06,4.5517664278323976e-06,1.3588510515459348e-10,1.1606161276561288e-13,9.8733443119609985e-14,9.1994155140056748e-14,3.2679993844394879,80,0.3125
6.953125,89,8,1.0191808805958185,1.1814801342107033,897,0.0004300676938001507,0.00044154862069630083,7.8001335273165144e-06,7.1786813666096112e-06,7.5577628287218077e-06,2.1741914371913742e-10,1.7397154953004754e-13,1.5879366062988435e-13,1.5994254552880968e-13,0.98003311259375259,24,0.3125
6.953125,89,9,1.1814801342107033,1.3696246997083523,1430,0.00068561516402922021,0.00070496801796143241,1.2203655489545806e-05,1.2633292930990898e-05,1.3144388998753614e-05,3.4764002563099416e-10,2.6540915708566951e-13,2.7560254702315284e-13,3.0297291204785026e-13,4.8979932546755176,120,0.31249999999999994
6.953125,89,10,1.3696246997083523,1.5877303085628129,2186,0.0010480802437537518,0.0010761725876696469,1.8266466818905211e-05,1.8512242355208464e-05,1.8396948822983369e-05,5.2994684817751829e-10,3.7566113676430381e-13,4.0267037406070643e-13,3.8912583734535817e-13,6.1995791945747261,152,0.3125
6.953125,89,11,1.5877303085628129,1.8405681010759829,3389,0.0016248599936328678,0.0016683936010424972,2.8732616719321724e-05,2.8751295042008433e-05,2.799780380763387e-05,8.2158102969441881e-10,6.2422454481861066e-13,6.1470315440193079e-13,5.8024040840426174e-13,7.8251221840719545,192,0.31250000000000006
6.953125,89,12,1.8405681010759829,2.1336689968241092,5002,0.0023982147206113168,0.0024630719778936374,4.2801418048221541e-05,4.2302151503987059e-05,4.2246296284529465e-05,1.2132045938473302e-09,9.2562125868006294e-13,9.0792658233396152e-13,9.0149305528482005e-13,14.005109642730783,344,0.31249999999999994
6.953125,89,13,2.1336689968241092,2.473444685554973,7841,0.0037593765742330917,0.0038617621089952247,6.6613680279630324e-05,6.7550812400574725e-05,6.6832869475592368e-05,1.9025087892778859e-09,1.397810269692826e-12,1.4799345171724797e-12,1.4653234597759382e-12,24.389111389062414,600,0.31249999999999994
6.953125,89,14,2.473444685554973,2.867327885256084,11712,0.0056153320287487271,0.005766390320293675,9.8521604539844373e-05,0.0001002636432574242,9.7875234947879491e-05,2.8398624638242379e-09,2.0744329770381906e-12,2.1488932355787571e-12,2.044990615247903e-12,35.372386919168704,872,0.3125
6.953125,89,15,2.867327885256084,3.3239349355906174,17755,0.008512655410726707,0.0087355299861338991,0.00014636664604265539,0.00014629532463631041,0.00014523803509438802,4.2990480967204834e-09,3.0447711740204045e-12,2.9639139012865109e-12,2.9807403129451737e-12,56.637908093711587,1400,0.31249999999999983
6.953125,89,16,3.3239349355906174,3.853254283492257,25818,0.012378470143290077,0.0127015762766584,0.00021247100508671514,0.00020933372741228362,0.00021301333916319868,6.2504055962502563e-09,4.4289528415834527e-12,4.2612308501351484e-12,4.4105136112697801e-12,83.216273277165314,2064,0.31250000000000011
6.953125,89,17,3.853254283492257,4.4668649841105328,37205,0.017837980543850069,0.018294941230477715,0.00029862254231435327,0.00030072653885304879,0.00029873121734684782,8.998547906623642e-09,6.0738126860784819e-12,6.1200931193765469e-12,6.0852457320875764e-12,137.43004819781032,3424,0.31250000000000006
6.953125,89,18,4.4668649841105328,5.1781899968950968,52313,0.025081528724380915,0.025709505175426379,0.00041024162284879407,0.00041265447201971187,0.00041175447972030457,1.2638186362935139e-08,8.1398225262748442e-12,8.2240858377179463e-12,8.2092782276516916e-12,210.06836063511957,5264,0.31249999999999994
6.953125,89,19,5.1781899968950968,6.002789817763821,72152,0.034593360360167261,0.035433143800229251,0.00055167103785016451,0.00055115468882041779,0.00054905319846160672,1.7404924592705017e-08,1.0644412226878448e-11,1.0629588524107948e-11,1.0570610821950192e-11,328.3771359446306,8288,0.31249999999999989
6.953125,89,20,6.002789817763821,6.9587028706662144,95066,0.045579504324185234,0.046641941146197505,0.00069706907728126258,0.00069970566539783743,0.0006943803932095414,2.288873175088425e-08,1.2898012586755218e-11,1.3009002096348367e-11,1.2869030632656205e-11,510.53095584120899,13000,0.31250000000000039
6.953125,89,21,6.9587028706662144,8.0668401047326874,119986,0.057527427322497528,0.058809065612482302,0.00083934093445611562,0.00084483112494525845,0.00084022107948883765,2.8829911026153379e-08,1.4888971083352703e-11,1.49982612822051e-11,1.4943818926953861e-11,821.10723158320275,21136,0.31250000000000033
6.953125,89,22,8.0668401047326874,9.3514424289671698,144726,0.069389049111351714,0.07084800172171582,0.00096143312989929264,0.00096050816026255334,0.0009541642619128025,3.4688414297705484e-08,1.6162181317839146e-11,1.6092179923059425e-11,1.5874662341590385e-11,1258.1971828904893,32800,0.31249999999999922
6.953125,89,23,9.3514424289671698,10.840610991035037,165103,0.079158825473173933,0.080701555494407468,0.0010190517806399971,0.0010113417453903426,0.0010138453216884471,3.9452543495075232e-08,1.5895027871917975e-11,1.5776219755021209e-11,1.5709538119847199e-11,1974.8173894040833,52224,0.31250000000000033
6.953125,89,24,10.840610991035037,12.566921900189588,177554,0.085128471911857156,0.08666025689820013,0.0010140859864531337,0.001005737876179174,0.0010058172061533552,4.2302526110071375e-08,1.4665878659723848e-11,1.4437753073240146e-11,1.4512852431661301e-11,3091.7878411937636,83064,0.31250000000000061
6.953125,89,25,12.566921900189588,14.568138841626885,180429,0.086506894007368718,0.087921325492512595,0.00093218960039089611,0.00092967274454961498,0.00093509425260413263,4.2847861568827894e-08,1.2202921430659963e-11,1.2124412216553803e-11,1.2371807680151967e-11,4832.3773828117164,132024,0.31250000000000072
6.953125,89,26,14.568138841626885,16.88803917096962,172998,0.082944092410239548,0.08416920702172298,0.00081271327974197964,0.00080577142918896046,0.00080675638807029232,4.0954691830664395e-08,9.6864237766249951e-12,9.5292151218031037e-12,9.5648461160005388e-12,7487.8989904763457,208115,0.31250000000000128
6.953125,89,27,16.88803917096962,19.57737156000044,157540,0.075532736322442146,0.076525583627887417,0.00065908611302684236,0.00065468167541589308,0.00065377868480526169,3.7175201195953444e-08,7.0199880632093118e-12,6.9310657345685695e-12,6.9455460908829181e-12,11699.929618308393,330765,0.31250000000000056
6.953125,89,28,19.57737156000044,22.694966142496774,137320,0.065838233793313952,0.066602228989037074,0.0005063701045852321,0.00050316819009052645,0.00050605819671186217,3.2304876777978557e-08,4.7463213896299064e-12,4.7064616607216165e-12,4.790642157693461e-12,18137.663247481025,485464,0.33690616660773709
6.953125,89,29,22.694966142496774,26.309021445014803,115116,0.055192500155491875,0.05575589138739738,0.00037262565930748363,0.0003727532481907875,0.00037334652637053796,2.7006277149868745e-08,3.0897686035725184e-12,3.0736384833443542e-12,3.0886477424571719e-12,28246.028531399366,492560,0.45609842129272021
6.953125,89,30,26.309021445014803,30.498596254706754,93820,0.044982108174269619,0.04538161841262596,0.00026314253880699832,0.00026562238858547697,0.00026527083806818691,2.195224232653025e-08,1.8900876966703993e-12,1.9241764308132843e-12,1.9232821139069073e-12,43770.685012494752,372544,0.56684714992825269
6.953125,89,31,30.498596254706754,35.355339059327356,74658,0.035794864976289677,0.036070818454942352,0.00018295762633251182,0.00018281956582155145,0.00018313337473373637,1.7427958041052407e-08,1.1482854688912269e-12,1.1501232668329286e-12,1.1501741295198426e-12,68257.791483704132,286440,0.61964317665760049
6.953125,89,32,35.355339059327356,40.98549289156513,58242,0.02792419467370362,0.028111371162270089,0.00012415057379246987,0.00012437696614522981,0.00012405733167482409,1.3568629206903136e-08,6.8122725782703968e-13,6.7686201244689641e-13,6.7619314468338837e-13,105907.73707742785,401560,0.62500000000000511
6.953125,89,33,40.98549289156513,47.512219434404557,44901,0.021527836699354794,0.021652240118789391,8.2463251190615413e-05,8.204220765159744e-05,8.3284206837200237e-05,1.0441329699796136e-08,3.9070742867261461e-13,3.8125258418475184e-13,3.971343436836824e-13,164003.9632456598,501024,0.76939613001907148
6.953125,89,34,47.512219434404557,55.078293228177536,34199,0.016396750345896952,0.016479300070772234,5.4328421860479531e-05,5.4675329164880297e-05,5.5509833635945369e-05,7.9408815096607731e-09,2.224429014095224e-13,2.2019637746448786e-13,2.2974608530529164e-13,255110.68117602306,452048,1.0116390984138117
6.953125,89,35,55.078293228177536,63.849224916072913,25897,0.012416346785218949,0.012469797295278476,3.5175053336997296e-05,3.5849339812526278e-05,3.5550632778103499e-05,6.0044432061571944e-09,1.2380355866916798e-13,1.2708336188199617e-13,1.2562684169148545e-13,396182.49640527088,307384,1.1969374935761918
6.953125,89,36,63.849224916072913,74.016881850246818,19514,0.0093560100075987113,0.0093908587339174392,2.2859856605513734e-05,2.3231145023084221e-05,2.3421604604305008e-05,4.5192556165777858e-09,6.9643146786594447e-14,7.1440114068131318e-14,7.2063949066357326e-14,617294.11171437264,309712,1.2479007419654016
6.953125,89,37,74.016881850246818,85.803685260622203,14620,0.0070095760126628239,0.0070319905874452124,1.4678957650643925e-05,1.5027066479134923e-05,1.5022166009415283e-05,3.3822914362093213e-09,3.8198733616290967e-14,3.9151984721867087e-14,3.9095444942017239e-14,960096.87398191751,457168,1.2990769320348401
6.953125,89,38,85.803685260622203,99.467475800986691,10924,0.0052375245117871356,0.0052520087482489358,9.6710733694097665e-06,9.7581786412195763e-06,9.4819957744923508e-06,2.5250537604251608e-09,2.1898280396359363e-14,2.24099378109173e-14,2.1222665203090479e-14,1490465.8792490326,489816,1.7312403974902137
6.953125,89,39,99.467475800986691,115.30715390799679,8149,0.003907047532639399,0.0039164230392946696,6.3318228290917758e-06,6.2546930916281012e-06,6.1324347283063554e-06,1.882244118268532e-09,1.2408717209579203e-14,1.2674685057464295e-14,1.2011123607746872e-14,2313312.5923133558,398440,2.1842255869017784
6.953125,89,40,115.30715390799679,133.66921835801284,6073,0.0029117069168877949,0.0029177484118470967,3.9953774326681576e-06,4.0338206849786173e-06,4.0359330113342927e-06,1.4018230665585811e-09,6.6182595133071349e-15,7.01314314531217e-15,7.0248969342659767e-15,3620331.1846569981,280288,2.4572451513529612
6.953125,89,41,133.66921835801284,154.95534605509826,4528,0.0021709548690379736,0.0021747441571408179,2.5336070673996603e-06,2.4997888352376796e-06,2.535770678329235e-06,1.0445049205860114e-09,3.5396002234949734e-15,3.7182501533155469e-15,3.7452664940996147e-15,5609595.6796885291,352208,2.4997009545734103
6.953125,89,42,154.95534605509826,179.63117886082782,3372,0.0016167093238507024,0.0016191000452418138,1.6039180949743507e-06,1.4961455556676275e-06,1.6763493036284603e-06,7.7742805271282554e-10,1.9139039873644602e-15,1.7217578174893044e-15,2.0939649051222688e-15,8747109.5899292044,487192,2.8254134838428406
6.953125,89,43,179.63117886082782,208.23650968103576,2505,0.0012010251649602673,0.0012025377424422492,1.0641026805952193e-06,9.6202580241070178e-07,9.9628858530939455e-07,5.7728464262246941e-10,1.1291741553895685e-15,9.8748279595093387e-16,1.0368807361091207e-15,13595749.369844861,469856,3.7900825176393385
6.953125,89,44,208.23650968103576,241.39709063389191,1866,0.00089465587138357972,0.00089564663921529847,6.6989283914611647e-07,6.5934906832648069e-07,6.5070170533605218e-07,4.2989461301089681e-10,6.6348642773520806e-16,5.8105703279945127e-16,5.9812714475469565e-16,21166668.709851451,343312,4.6232118484904019
6.953125,89,45,241.39709063389191,279.8383216073197,1387,0.00066499876399197838,0.00066564280765337748,4.2183081202725201e-07,4.3555764089637418e-07,4.298364653246406e-07,3.1945242034090248e-10,3.1400557120864836e-16,3.4611968646733586e-16,3.2120909881612924e-16,33050564.079098925,283504,4.9697504899444258
6.953125,89,46,279.8383216073197,324.40111864797723,1031,0.00049431414973016147,0.00049472163277457931,2.4465961633332886e-07,3.074828560965233e-07,2.6233908343439101e-07,2.3739046339120562e-10,1.5103033192962273e-16,2.172553563193584e-16,1.7721224719683899e-16,51353483.911614895,406768,4.9999999999999378
6.953125,89,47,324.40111864797723,376.06030930863892,764,0.00036630068903379607,0.00036657275977563847,1.836041939759656e-07,1.8311551527050045e-07,1.7714306873412173e-07,1.7588431466396062e-10,1.0616079552053571e-16,1.0402611563293501e-16,1.0553622500463721e-16,79959941.489920825,492432,6.2773191010137346
6.953125,89,48,376.06030930863892,435.94595735895734,571,0.00027376661444803341,0.00027394640340950346,1.2145319473824439e-07,1.2184760775498894e-07,1.1611234012567369e-07,1.3143020101122297e-10,6.4998804951622108e-17,5.9794896283936217e-17,6.2818483883663068e-17,124605099.0157958,440144,8.1723409611890947
6.953125,89,49,435.94595735895734,505.36808334548709,423,0.0002028078422268268,0.00020291539953251224,7.4532989691435056e-08,6.7198679323149732e-08,7.3301555471827955e-08,9.7339631962733217e-11,3.1548823214906266e-17,2.6586354816347629e-17,3.0005655086737357e-17,194062477.7132532,300112,9.6025330681521659
6.953125,89,50,505.36808334548709,585.84532177229869,315,0.00015102711655189224,0.00015110084257869324,4.4696008100541647e-08,4.4589880576771924e-08,5.8114118165376994e-08,7.2480847808877092e-11,1.6365918941433544e-17,2.0531787618939655e-17,2.531407243960507e-17,301687425.03757799,306544,9.9844969541526218
6.953125,89,51,585.84532177229869,679.13814178853681,236,0.00011315047462300492,0.00011319199887927834,3.0202031899135573e-08,2.3175115950550516e-08,2.9649817586709973e-08,5.4289954769671385e-11,9.9458054996525278e-18,6.4154265848444794e-18,1.0094757192700141e-17,470866573.04475713,452344,10.397309338432883
6.953125,89,52,679.13814178853681,787.28735809765953,174,8.3424502476283244e-05,8.3451391328468773e-05,1.6868278143676513e-08,1.9315622052666855e-08,1.7581357578429143e-08,4.0023764543518767e-11,4.2559908711518702e-18,5.5403245984748974e-18,4.6937534533493491e-18,734708790.44454491,486264,13.83343735568598
6.953125,89,53,787.28735809765953,912.65877452865277,128,6.1369748948070406e-05,6.1386307470786717e-05,1.287505910857353e-08,8.940710722149484e-09,1.129531831098613e-08,2.943967840987439e-11,2.88011146921022e-18,1.5523762231218072e-18,2.169939238730585e-18,1140525663.0647469,398488,17.421297107469776
6.953125,89,54,912.65877452865277,1057.9949368637251,64,3.0684874474035196e-05,3.0693305641284497e-05,6.27780185576492e-09,3.9368251410774183e-09,6.6444477370891163e-09,1.4719985002750178e-11,1.3729948348313671e-18,5.0213027677184032e-19,1.8177062371255281e-18,1782868809.8572588,278560,19.637468359437147
6.953125,89,55,1057.9949368637251,1226.4751270346055,0,0,0,0,0,0,0,0,0,0,2767440679.0694737,345864,19.996521352423777
6.953125,89,56,1226.4751270346055,1421.7849110825259,0,0,0,0,0,0,0,0,0,0,4299574546.9621258,481296,22.341486501609385
6.953125,89,57,1421.7849110825259,1648.1967622690402,0,0,0,0,0,0,0,0,0,0,6737040985.49049,471392,30.037421732511294
6.953125,89,58,1648.1967622690402,1910.6635229978629,0,0,0,0,0,0,0,0,0,0,10479000210.002735,348896,36.758578834325739
6.953125,89,59,1910.6635229978629,2214.9267500615965,0,0,0,0,0,0,0,0,0,0,16312371891.489483,279984,39.714022240600997
6.953125,89,60,2214.9267500615965,2567.6423133053681,0,0,0,0,0,0,0,0,0,0,25362950783.799496,395800,40.000000000004
6.953125,89,61,2567.6423133053681,2976.5259952243618,0,0,0,0,0,0,0,0,0,0,39622434758.725639,491928,49.35091223812779
6.953125,89,62,2976.5259952243618,3450.5222765398048,0,0,0,0,0,0,0,0,0,0,61586972928.291771,445136,64.548037842548439
6.953125,89,63,3450.5222765398048,3999.9999999999995,0,0,0,0,0,0,0,0,0,0,68559316512279.945,5558752,299.28965331936394
7.8125,100,0,0.3125,0.3622639994237345,86,4.1232800074484787e-05,4.2329549998106216e-05,6.5609009590758217e-07,7.2500526422222924e-07,7.7515249407142007e-07,2.0839397210914128e-11,1.1559316509567763e-14,1.3462756328862839e-14,1.6616972945423121e-14,0.32712244948774039,8,0.3125
7.8125,100,1,0.3622639994237345,0.41995265689113453,41,1.9657497709928804e-05,2.0195622570391374e-05,3.4193198520537435e-07,3.4161919637438947e-07,3.7333543939477083e-07,9.9505118196945484e-12,6.0494529944455049e-15,5.6182017197182916e-15,7.0366172360134765e-15,0,0,0
7.8125,100,2,0.41995265689113453,0.48682793297281829,66,3.1643776801348799e-05,3.2571376139754784e-05,6.3008716610303069e-07,6.2599542265665968e-07,5.6237978617644676e-07,1.6079611939469443e-11,1.4166916345917439e-14,1.5443483489868274e-14,9.6056930668411899e-15,0,0,0
7.8125,100,3,0.48682793297281829,0.56435274889575338,98,4.698621403836639e-05,4.8477831939501932e-05,8.0640398925711514e-07,1.1839989997212641e-06,9.2854765172550653e-07,2.3990400224135225e-11,1.6901125110845233e-14,3.6833313847065116e-14,2.4415985524256377e-14,0,0,0
7.8125,100,4,0.56435274889575338,0.65422298848241345,150,7.191767454852001e-05,7.3971648979581541e-05,1.2705697210333616e-06,1.4531939465832228e-06,1.3013936059441372e-06,3.6492324797168877e-11,2.9287851958335014e-14,3.9877416440164166e-14,2.6064991067121867e-14,0.98108147801940104,24,0.31249999999999994
7.8125,100,5,0.65422298848241345,0.75840459623227807,229,0.00010979431647740732,0.00011281347008975932,1.9059192822744032e-06,2.0916084282831514e-06,1.9251208226957935e-06,5.5594213689140694e-11,5.0434238455176825e-14,4.6833455315348709e-14,4.0994802656940886e-14,0.98081348680603997,24,0.3125
7.8125,100,6,0.75840459623227807,0.87917658307983215,371,0.00017787638171667312,0.00018277604428708845,3.1474763848378514e-06,3.2788465418463214e-06,3.1899975521980989e-06,9.0073203988823879e-11,6.5804129509738102e-14,7.9745631902549038e-14,6.6391020322500501e-14,0,0,0
7.8125,100,7,0.87917658307983215,1.0191808805958185,586,0.00028095838190288539,0.00028858910499956569,5.3060757005426257e-06,5.0644551225158473e-06,4.6140218700231402e-06,1.4216181183214754e-10,1.1634851771767204e-13,1.0711224766407004e-13,8.7061487383169003e-14,3.267947613831149,80,0.31250000000000011
7.8125,100,8,1.0191808805958185,1.1814801342107033,879,0.00042143757285432819,0.00043279234132807376,7.9008146672369047e-06,6.9239969244409835e-06,7.4647023191295481e-06,2.1315763576179248e-10,1.7934181526689992e-13,1.5148761998340307e-13,1.6074311772129035e-13,0.98002332559022354,24,0.3125
7.8125,100,9,1.1814801342107033,1.3696246997083523,1443,0.0006918480291567585,0.00071098618281372579,1.1930242463390632e-05,1.268351286811182e-05,1.2948700815564084e-05,3.5041738248317958e-10,2.585638927028897e-13,2.8613860206077209e-13,2.9061350595145385e-13,4.8979614398612963,120,0.31249999999999983
7.8125,100,10,1.3696246997083523,1.5877303085628129,2209,0.0010591076205178581,0.0010881096072278512,1.9324388344083955e-05,1.8401203070074633e-05,1.9213573942806734e-05,5.361346248499995e-10,4.2697461881890034e-13,3.9282896248300772e-13,4.1204739750903117e-13,6.1995584753916724,152,0.3125
7.8125,100,11,1.5877303085628129,1.8405681010759829,3349,0.0016056819470865961,0.0016486641456607966,2.8896769498842374e-05,2.8194317278814314e-05,2.7323783322282698e-05,8.1183872147576367e-10,6.2525204279860452e-13,5.9823072854452969e-13,5.6646387282944143e-13,7.8250905584084407,192,0.31250000000000006
7.8125,100,12,1.8405681010759829,2.1336689968241092,5052,0.0024221872787941589,0.0024876279525461844,4.2629227732565107e-05,4.3749666860531711e-05,4.2107377715931986e-05,1.2252733059765461e-09,9.0739775426422275e-13,9.5480191445919164e-13,8.8244249670267698e-13,14.005046987226159,344,0.31250000000000006
7.8125,100,13,2.1336689968241092,2.473444685554973,7780,0.0037301300532500241,0.0038310649121211281,6.6293508130536776e-05,6.6025498002159657e-05,6.5859071958655242e-05,1.8870535860503793e-09,1.3983203921811293e-12,1.4294897175243476e-12,1.4222033331292318e-12,24.389034661793687,600,0.3125
7.8125,100,14,2.473444685554973,2.867327885256084,11750,0.0056335511729676876,0.0057854238987076834,9.9391926047064848e-05,0.00010060404177454746,9.8247991781109017e-05,2.8494018847252355e-09,2.0954747595740151e-12,2.151345535448653e-12,2.0739942621350766e-12,35.372328712289928,872,0.31250000000000006
7.8125,100,15,2.867327885256084,3.3239349355906174,17627,0.008451285661778659,0.0086727145406208413,0.00014489437084697456,0.00014636058204616295,0.00014379749564220358,4.2682161746836262e-09,3.0119000747843916e-12,2.9953825871766237e-12,2.939613695290624e-12,56.637898233498376,1400,0.31249999999999983
7.8125,100,16,3.3239349355906174,3.853254283492257,25939,0.012436483734092528,0.012760295106731477,0.0002136791300471615,0.00020894924345880967,0.00021362326965883381,6.2788838136467601e-09,4.4098199667549668e-12,4.2233957378227938e-12,4.4108276663402134e-12,83.216329195654993,2064,0.31250000000000017
7.8125,100,17,3.853254283492257,4.4668649841105328,37181,0.0178264737159223,0.018283774929933536,0.00029916359082554265,0.0003001158913376577,0.0002994276862916548,8.9933857797743657e-09,6.1496629362309207e-12,6.108921231739713e-12,6.1067124383255413e-12,137.43015972937795,3424,0.31249999999999983
7.8125,100,18,4.4668649841105328,5.1781899968950968,52401,0.025123720426782736,0.025752691388355665,0.00041053508151649241,0.00041289282266042583,0.00041319728981273774,1.2659375375267563e-08,8.108515290739898e-12,8.2106871945501149e-12,8.2342720608128882e-12,210.06853311265988,5264,0.31250000000000006
7.8125,100,19,5.1781899968950968,6.002789817763821,72098,0.034567469997329826,0.03540678097751767,0.00055164259281615963,0.0005508856020885229,0.000548389063351593,1.739206748660131e-08,1.0650081123889679e-11,1.0613917549568691e-11,1.0572512701799118e-11,328.37715027652519,8288,0.312500000000001
7.8125,100,20,6.002789817763821,6.9587028706662144,95064,0.045578545421857922,0.046642062994341801,0.00069829891805306215,0.00070019828888535853,0.00069475633964407994,2.2889340406630266e-08,1.295530152762911e-11,1.3022266641657299e-11,1.2870845592720664e-11,510.5312044039963,13000,0.31250000000000006
7.8125,100,21,6.9587028706662144,8.0668401047326874,119835,0.057455030196785439,0.058733275713894861,0.00083366835549854301,0.0008437983307571441,0.00084029257830831798,2.87918706456248e-08,1.4724278151432449e-11,1.4972977606461787e-11,1.4937792534661748e-11,821.10736053471419,21136,0.3125000000000005
7.8125,100,22,8.0668401047326874,9.3514424289671698,144920,0.069482062637101008,0.070942836538473011,0.00096443278728820326,0.00096038843661736927,0.00095489475343513391,3.4734771598317408e-08,1.6206432643425034e-11,1.6084926704965502e-11,1.5895802857940659e-11,1258.1978333708071,32800,0.31250000000000022
7.8125,100,23,9.3514424289671698,10.840610991035037,165016,0.079117113221935834,0.080659551039459876,0.0010201883464338827,0.0010108389657135972,0.0010126153859015617,3.9432270462543409e-08,1.5950353107217488e-11,1.577360440696426e-11,1.5686121450723668e-11,1974.8183122083065,52224,0.31249999999999956
7.8125,100,24,10.840610991035037,12.566921900189588,177605,0.085152923921203633,0.086685791871782741,0.0010144479188365298,0.0010063344118131248,0.0010069805087220924,4.231531020438973e-08,1.4669283774105944e-11,1.4445491620836729e-11,1.4535766027038414e-11,3091.7890786058874,83064,0.31249999999999961
7.8125,100,25,12.566921900189588,14.568138841626885,180499,0.086540455588824644,0.087955329073261992,0.00093240203062085127,0.00093116537064824893,0.0009342679702859729,4.2864379071307407e-08,1.2205053126849433e-11,1.2156606928675181e-11,1.2346380637536961e-11,4832.3787596785996,132024,0.31250000000000216
7.8125,100,26,14.568138841626885,16.88803917096962,172993,0.082941695154421263,0.08416709057369802,0.00081294379619164647,0.00080460795255966585,0.00080822991031060602,4.0953822351323816e-08,9.6955462925988795e-12,9.5057471346756814e-12,9.5938306631884309e-12,7487.7558024600039,208111,0.31250000000000006
7.8125,100,27,16.88803917096962,19.57737156000044,157482,0.075504928154950079,0.076496530780578081,0.00065787992770808363,0.00065502147147992313,0.00065219484758189132,3.7160655652993134e-08,6.9953040273102139e-12,6.9433902265622676e-12,6.9239740980484479e-12,11700.071339041822,330769,0.31250000000000022
7.8125,100,28,19.57737156000044,22.694966142496774,137266,0.065812343430476511,0.066576431656191773,0.00050639352451863128,0.00050300669527522006,0.000506374948230583,3.2292556480042781e-08,4.7523556697348921e-12,4.7040759712290706e-12,4.7923992393074022e-12,18137.662029875646,485464,0.33690618698528735
7.8125,100,29,22.694966142496774,26.309021445014803,115193,0.055229417895093405,0.055793063481920237,0.0003729086742552092,0.00037283649186983976,0.00037348634326962965,2.7024222586313846e-08,3.0905781680929022e-12,3.0738199052333224e-12,3.0904467361362176e-12,28246.026639245367,492560,0.4560984333044763
7.8125,100,30,26.309021445014803,30.498596254706754,93819,0.04498162872310596,0.045381224832711071,0.00026313836164813689,0.00026571359944045723,0.0002653535915131841,2.1952095754629866e-08,1.8891198138887044e-12,1.9254960315410474e-12,1.9237274633540899e-12,43770.683803946566,372544,0.56684715464332069
7.8125,100,31,30.498596254706754,35.355339059327356,74627,0.035780001990216331,0.036055863820627712,0.0001829669989262594,0.00018279198435055847,0.00018296846530848129,1.7420744005623666e-08,1.1502560667969195e-12,1.1495332603677359e-12,1.1493574086093956e-12,68257.790328018993,286440,0.61964317821535031
7.8125,100,32,35.355339059327356,40.98549289156513,58228,0.02791748235741242,0.028104592609887992,0.00012409066663337449,0.00012423720546379249,0.00012412491251662661,1.3565347282590686e-08,6.8072283848875798e-13,6.7546353260884171e-13,6.776619367405374e-13,105907.73643478702,401560,0.62499999999999589
7.8125,100,33,40.98549289156513,47.512219434404557,44933,0.02154317913659182,0.02166780320277633,8.2701818313514206e-05,8.2177444719605118e-05,8.334916221186226e-05,1.0448898456871645e-08,3.9300778262828146e-13,3.8222027544669572e-13,3.9730467583078954e-13,164003.96254013869,501024,0.76939613162431819
7.8125,100,34,47.512219434404557,55.078293228177536,34165,0.01638044900633261,0.016462837058938497,5.4217723426950336e-05,5.4562429777769055e-05,5.5411665664181703e-05,7.9329100207466709e-09,2.2168850187457482e-13,2.1944100586449612e-13,2.291640536172515e-13,255110.68111017704,452048,1.0116390934769199
7.8125,100,35,55.078293228177536,63.849224916072913,25924,0.012429291966637678,0.012482792938172197,3.517195182115021e-05,3.5890247122077254e-05,3.5613562461755583e-05,6.0106982661065571e-09,1.2345634284247136e-13,1.272524180217021e-13,1.2600199224677928e-13,396182.49570144864,307384,1.1969374937450128
7.8125,100,36,63.849224916072913,74.016881850246818,19505,0.0093516949471258003,0.0093865246332768722,2.2861444982667362e-05,2.3211821981259552e-05,2.3401298515018465e-05,4.5171684794264614e-09,6.9777965356117499e-14,7.1373349907871869e-14,7.196482549905932e-14,617294.11128931504,309712,1.2479007418945389
7.8125,100,37,74.016881850246818,85.803685260622203,14617,0.0070081376591718536,0.0070305459527644472,1.4664401806067245e-05,1.5028676139138887e-05,1.5022580385677509e-05,3.3815957780935222e-09,3.8148789585455232e-14,3.9179461979184655e-14,3.9137929475041421e-14,960096.87386141694,457168,1.2990769313717865
7.8125,100,38,85.803685260622203,99.467475800986691,10933,0.0052418395722600474,0.0052563414760722783,9.6842785965974272e-06,9.7719978255724603e-06,9.4902409770783989e-06,2.5271395937861497e-09,2.1903470103062323e-14,2.2436424278754859e-14,2.1227389081413056e-14,1490465.8792618243,489816,1.7312403975418147
7.8125,100,39,99.467475800986691,115.30715390799679,8133,0.0038993763140208896,0.003908729836824526,6.3089104853012715e-06,6.2392760783826272e-06,6.1268684895594442e-06,1.8785450285208678e-09,1.2358788384066672e-14,1.2641179043675656e-14,1.2006365785885652e-14,2313312.5919544036,398440,2.1842255866429618
7.8125,100,40,115.30715390799679,133.66921835801284,6080,0.0029150630750333925,0.0029211158409637827,4.0079712682473505e-06,4.0426231009157396e-06,4.037034808589566e-06,1.4034430093807852e-09,6.6573978415966498e-15,7.0358006967539552e-15,7.02698695135947e-15,3620331.1843574797,280288,2.45724515136438
7.8125,100,41,133.66921835801284,154.95534605509826,4529,0.0021714343202016307,0.0021752250012877072,2.5340336048193283e-06,2.5000543438284457e-06,2.5378593459192731e-06,1.0447361322673659e-09,3.5391083199703301e-15,3.7182183786599267e-15,3.7501596201565962e-15,5609595.679579257,352208,2.4997009545771016
7.8125,100,42,154.95534605509826,179.63117886082782,3368,0.0016147915191960752,0.0016171787187436975,1.601995349724915e-06,1.4950562225174536e-06,1.6723272863336519e-06,7.7650517732196852e-10,1.9122333944052885e-15,1.7214793223288336e-15,2.0870971523627702e-15,8747109.5898994561,487192,2.8254134841148812
7.8125,100,43,179.63117886082782,208.23650968103576,2509,0.0012029429696148943,0.0012044576206321086,1.0650705668192443e-06,9.6302210050009254e-07,9.984684567642975e-07,5.7820612606149722e-10,1.1295077528551516e-15,9.8774627835122017e-16,1.0394649617652291e-15,13595749.369831821,469856,3.7900825174921002
7.8125,100,44,208.23650968103576,241.39709063389191,1865,0.00089417642021992288,0.00089516689243777404,6.695654056717311e-07,6.5910090567247403e-07,6.5068625885506969e-07,4.2966445603892224e-10,6.633721378074594e-16,5.8099373912082598e-16,5.9812644066391408e-16,21166668.709740113,343312,4.6232118484479239
7.8125,100,45,241.39709063389191,279.8383216073197,1387,0.00066499876399197838,0.00066564280780981224,4.218315137606944e-07,4.3555748616950797e-07,4.2983622998475544e-07,3.1945242049148714e-10,3.1400894610177377e-16,3.4611949288813587e-16,3.2120892499039724e-16,33050564.07908389,283504,4.9697504899234115
7.8125,100,46,279.8383216073197,324.40111864797723,1031,0.00049431414973016147,0.00049472163248032966,2.4465900090601237e-07,3.0748320268502722e-07,2.6233876476361176e-07,2.3739046310857341e-10,1.5102807496299815e-16,2.1725572445935463e-16,1.7721208747768317e-16,51353483.911578573,406768,4.9999999999998419
7.8125,100,47,324.40111864797723,376.06030930863892,764,0.00036630068903379607,0.00036657275973934578,1.8360412489486755e-07,1.8311543772361501e-07,1.7714314262634809e-07,1.758843146292317e-10,1.0616095350019075e-16,1.0402612368724633e-16,1.0553625866902125e-16,79959941.48997882,492432,6.2773191010071923
7.8125,100,48,376.06030930863892,435.94595735895734,571,0.00027376661444803341,0.00027394640359730126,1.2145349615164052e-07,1.2184756885297408e-07,1.1611245277850932e-07,1.3143020119150987e-10,6.4999296976206552e-17,5.9794804362448796e-17,6.2818509452185529e-17,124605099.01571795,440144,8.172340961221197
7.8125,100,49,435.94595735895734,505.36808334548709,423,0.0002028078422268268,0.00020291539943921257,7.4532805114001453e-08,6.7198690022106414e-08,7.3301542952528317e-08,9.7339631873171128e-11,3.1548506356621171e-17,2.6586364092889809e-17,3.0005672591833624e-17,194062477.71324074,300112,9.602533068137868
7.8125,100,50,505.36808334548709,585.84532177229869,315,0.00015102711655189224,0.00015110084254361651,4.4695983993631828e-08,4.4589863775817597e-08,5.8114088985225951e-08,7.2480847775210492e-11,1.6365906238452598e-17,2.0531786396152177e-17,2.5314046497154245e-17,301687425.03761375,306544,9.9844969541525881
7.8125,100,51,585.84532177229869,679.13814178853681,236,0.00011315047462300492,0.00011319199888283507,3.0202038430013084e-08,2.3175121142175724e-08,2.9649812972901713e-08,5.428995477308417e-11,9.9458111895757347e-18,6.4154355066611363e-18,1.0094759135130937e-17,470866573.04468423,452344,10.397309338433869
7.8125,100,52,679.13814178853681,787.28735809765953,174,8.3424502476283244e-05,8.3451391329723845e-05,1.68682804754014e-08,1.9315622271166171e-08,1.7581357536971526e-08,4.002376454472287e-11,4.2559923649500415e-18,5.5403244491201157e-18,4.6937533329149593e-18,734708790.44447613,486264,13.833437355682081
7.8125,100,53,787.28735809765953,912.65877452865277,128,6.1369748948070406e-05,6.1386307471491286e-05,1.2875060230064859e-08,8.9407109025696177e-09,1.1295318417511485e-08,2.9439678410550339e-11,2.8801121413614708e-18,1.5523762728529649e-18,2.1699393051209405e-18,1140525663.0648537,398488,17.421297107468199
7.8125,100,54,912.65877452865277,1057.9949368637251,64,3.0684874474035196e-05,3.0693305641538309e-05,6.2778022302875588e-09,3.936825236943986e-09,6.644447774094874e-09,1.4719985002993673e-11,1.372995056214478e-18,5.0213030262153818e-19,1.8177062494665786e-18,1782868809.8584306,278560,19.637468359437769
7.8125,100,55,1057.9949368637251,1226.4751270346055,0,0,0,0,0,0,0,0,0,0,2767440679.0721741,345864,19.996521352422267
7.8125,100,56,1226.4751270346055,1421.7849110825259,0,0,0,0,0,0,0,0,0,0,4299574546.9639244,481296,22.341486501610053
7.8125,100,57,1421.7849110825259,1648.1967622690402,0,0,0,0,0,0,0,0,0,0,6737040985.4921608,471392,30.037421732510328
7.8125,100,58,1648.1967622690402,1910.6635229978629,0,0,0,0,0,0,0,0,0,0,10479000210.004345,348896,36.758578834324915
7.8125,100,59,1910.6635229978629,2214.9267500615965,0,0,0,0,0,0,0,0,0,0,16312371891.490475,279984,39.71402224060116
7.8125,100,60,2214.9267500615965,2567.6423133053681,0,0,0,0,0,0,0,0,0,0,25362950783.800583,395800,40.00000000000388
7.8125,100,61,2567.6423133053681,2976.5259952243618,0,0,0,0,0,0,0,0,0,0,39622434758.727661,491928,49.35091223812632
7.8125,100,62,2976.5259952243618,3450.5222765398048,0,0,0,0,0,0,0,0,0,0,61586972928.292381,445136,64.548037842548936
7.8125,100,63,3450.5222765398048,3999.9999999999995,0,0,0,0,0,0,0,0,0,0,68559316512280.641,5558752,299.28965331937025
