# Plummer cluster cell-based radial field/constraint profile.  Bins are uniform in log(R) over [0.3125, 30000] M in ISOTROPIC coordinate radius with 80 bins.  All columns except count and r_lo/r_hi are COORDINATE-VOLUME WEIGHTED sums: divide by dV for an average.  H and M are z4c I_CON_H and I_CON_M (M is already the norm squared of the momentum constraint vector).  dx is the cell size, so dx/dV identifies the refinement level occupying the bin.
time,cycle,bin,r_lo,r_hi,count,dV,absH_dV,H2_dV,M2_dV,alpha_dV,chi_dV,E_dV,rareal_dV,Khat_dV,Khat2_dV,dx_dV
0,0,0,0.3125,0.360685274596,8,0.244140625,0.000279293476121,4.46542457587e-07,0,0.22089724207,0.200869099843,4.55796133971e-05,0.0728423862996,0,0,0.0762939453125
0,0,1,0.360685274596,0.416300375393,0,0,0,0,0,0,0,0,0,0,0,0
0,0,2,0.416300375393,0.480490928682,0,0,0,0,0,0,0,0,0,0,0,0
0,0,3,0.480490928682,0.554579208168,24,0.732421875,0.000917486352349,1.57915825779e-06,3.55659222776e-43,0.662756441355,0.602719119909,0.000135672369519,0.418408833053,0,0,0.228881835938
0,0,4,0.554579208168,0.640091372747,0,0,0,0,0,0,0,0,0,0,0,0
0,0,5,0.640091372747,0.738788904146,24,0.732421875,0.000854004055977,1.69604275017e-06,0,0.662820973669,0.60283063987,0.000134233870217,0.549846072973,0,0,0.228881835938
0,0,6,0.738788904146,0.852704892033,32,0.9765625,0.0011637865901,2.15403591747e-06,3.17154018186e-42,0.883847098684,0.803922481033,0.000182915379373,0.873866088617,0,0,0.30517578125
0,0,7,0.852704892033,0.984185914023,48,1.46484375,0.00206903952295,4.86584965467e-06,6.2274820124e-43,1.3258989865,1.20610556796,0.000266209708985,1.49227320392,0,0,0.457763671875
0,0,8,0.984185914023,1.13594037329,72,2.197265625,0.00333686143827,8.09429398126e-06,8.61308866206e-42,1.98916806582,1.80971089619,0.000400138801256,2.62797447242,0,0,0.686645507812
0,0,9,1.13594037329,1.31109428949,96,2.9296875,0.004184026018,9.87440699238e-06,6.83265300497e-42,2.65262714449,2.41364486915,0.000529597388973,3.93740398715,0,0,0.91552734375
0,0,10,1.31109428949,1.51325569224,176,5.37109375,0.00741581887717,1.6920240103e-05,1.3171460023e-41,4.86440413634,4.42718544175,0.000962070917562,8.39721053723,0,0,1.67846679688
0,0,11,1.51325569224,1.74658894365,240,7.32421875,0.00935006621061,1.96646454935e-05,1.42204683824e-41,6.63537640431,6.0407017956,0.00128123371516,13.1697250214,0,0,2.28881835938
0,0,12,1.74658894365,2.01590052078,368,11.23046875,0.0159373621797,3.62639692855e-05,2.9780953855e-41,10.1782820721,9.26940131283,0.00193601313582,23.1089222874,0,0,3.50952148438
0,0,13,2.01590052078,2.32673802527,648,19.775390625,0.0274748195915,5.97884056569e-05,4.93767622938e-41,17.9329822575,16.3401484608,0.00331544941719,47.2423841437,0,0,6.17980957031
0,0,14,2.32673802527,2.68550445938,872,26.611328125,0.0371492575889,7.95894038331e-05,6.10617172617e-41,24.1495997461,22.0190514418,0.00430033898982,73.3611466832,0,0,8.31604003906
0,0,15,2.68550445938,3.09959012276,1424,43.45703125,0.0578759043457,0.000118452830803,1.07734043899e-40,39.4734060466,36.0209972984,0.00667756371037,137.796389393,0,0,13.5803222656
0,0,16,3.09959012276,3.5775248466,2240,68.359375,0.0907555072682,0.000190228322402,1.28407383657e-40,62.1699003031,56.7959765894,0.0099570208659,250.658363036,0,0,21.3623046875
0,0,17,3.5775248466,4.12915370134,3296,100.5859375,0.12561670602,0.000248951608106,1.36830023881e-40,91.6201750834,83.8179690247,0.0134777077319,425.036360872,0,0,31.4331054688
0,0,18,4.12915370134,4.76583979718,5264,160.64453125,0.19311027018,0.000366130149189,1.75181926204e-40,146.6123202,134.365792982,0.0195091035818,782.507356268,0,0,50.2014160156
0,0,19,4.76583979718,5.50069835496,7952,242.67578125,0.270225183959,0.00047397289154,1.9343727929e-40,222.018336591,203.924663577,0.0258930178298,1362.52969702,0,0,75.8361816406
0,0,20,5.50069835496,6.34886686921,12424,379.150390625,0.396605458303,0.000654245981771,2.13146455675e-40,347.904514971,320.416481604,0.034443118865,2451.93120651,0,0,118.48449707
0,0,21,6.34886686921,7.3278169283,18760,572.509765625,0.540057435831,0.000802739750791,2.06963077257e-40,527.176093615,487.087041606,0.0425935834993,4259.66474327,0,0,178.909301758
0,0,22,7.3278169283,8.45771411511,28888,881.591796875,0.745847689401,0.000996367141561,2.12116398996e-40,815.07207338,755.895160549,0.0516150974216,7535.73616808,0,0,275.497436523
0,0,23,8.45771411511,9.76183340181,45040,1374.51171875,1.00479800231,0.00116574744616,1.78642455727e-40,1276.65753921,1189.01045251,0.0602101344683,13508.1369461,0,0,429.534912109
0,0,24,9.76183340181,11.2670385955,68232,2082.27539062,1.29033251795,0.00126862102386,1.18328890374e-40,1943.76450527,1818.77572418,0.0650049046262,23505.8124957,0,0,650.71105957
0,0,25,11.2670385955,13.004335711,105792,3228.515625,1.65861188858,0.00136149379256,7.31194857543e-41,3029.83783071,2849.13602736,0.0684462493994,41842.971712,0,0,1008.91113281
0,0,26,13.004335711,15.00951167,162464,4958.0078125,2.03981069642,0.00135156707228,4.10491108487e-41,4678.54911175,4422.29294874,0.0678277928844,73788.6783273,0,0,1549.37744141
0,0,27,15.00951167,17.3238714824,249464,7613.03710938,2.46430535832,0.0013100711769,1.9010956637e-41,7223.52563083,6863.42485439,0.0642722062982,130076.862423,0,0,2379.07409668
0,0,28,17.3238714824,19.9950890966,383656,11708.2519531,2.85583178864,0.00121380258579,6.68111478361e-42,11168.9396413,10666.3565253,0.0585390521324,229678.673696,0,0,3658.82873535
0,0,29,19.9950890966,23.0781894444,476832,17991.9433594,2.75585344784,0.000896825237479,1.56157518287e-42,17251.2247104,16555.672499,0.05137772458,405340.72332,0,0,6851.11999512
0,0,30,23.0781894444,26.6366819102,438480,27685.546875,2.18241155639,0.000468323860941,5.24727652654e-43,26673.0231053,25715.435921,0.0437853116501,716508.288805,0,0,13760.3759766
0,0,31,26.6366819102,30.7438685731,308032,42633.3007812,1.76627762685,0.000185666834485,4.79151738834e-43,41255.4498576,39943.76271,0.0363792988723,1268126.02948,0,0,25191.8029785
0,0,32,30.7438685731,35.484354171,280624,65321.0449219,1.67552968938,8.45680692215e-05,1.17164908735e-43,63462.9662158,61683.5257539,0.029465394165,2233565.53367,0,0,40683.2122803
0,0,33,35.484354171,40.9557888897,409624,100539.0625,1.6465733221,6.46399177471e-05,3.74505077618e-44,98030.2347638,95614.6689253,0.0235599071808,3953345.37293,0,0,63217.7734375
0,0,34,40.9557888897,47.2708798783,475872,154611.328125,1.32990183867,3.95432758132e-05,3.60038365973e-45,151236.250096,147971.04741,0.0185724576263,6994902.62039,0,0,124083.251953
0,0,35,47.2708798783,54.5597129258,423168,238541.015625,1.00120175422,1.85982295003e-05,1.41784433209e-45,233996.091219,229580.434447,0.0145386487579,12423631.4519,0,0,245679.931641
0,0,36,54.5597129258,62.9724321232,288496,365089.84375,0.807577644867,6.39241474232e-06,9.82325350075e-46,359027.332383,353115.228196,0.0111866570866,21891616.0403,0,0,438649.902344
0,0,37,62.9724321232,72.6823327115,295552,563796.875,0.703243213218,3.16095479543e-06,5.03135823253e-46,555648.270121,547675.756271,0.00863625751094,38936891.4743,0,0,703544.921875
0,0,38,72.6823327115,83.8894308234,431344,861171.875,0.584662688635,2.29245610436e-06,3.2130756189e-48,850347.541444,839726.762673,0.00656125391635,68503994.7059,0,0,1103183.59375
0,0,39,83.8894308234,96.8245836552,473112,1328953.125,0.439884537471,1.30394738049e-06,0,1314436.94018,1300158.1195,0.00501145456366,121793029.343,0,0,2239628.90625
0,0,40,96.8245836552,111.754244939,403256,2045640.625,0.332588703285,5.43504227524e-07,0,2026239.65228,2007114.2631,0.00381214247739,216091291.541,0,0,4354238.28125
0,0,41,111.754244939,128.985953673,275392,3139906.25,0.261473051032,1.82109355939e-07,0,3114059.6065,3088531.75738,0.00288236562069,382341422.966,0,0,7642070.3125
0,0,42,128.985953673,148.874669183,311760,4827500,0.206871825503,9.9497843733e-08,0,4793019.04501,4758907.25224,0.00217855171014,677678123.776,0,0,12060937.5
0,0,43,148.874669183,171.830082991,451392,7433625,0.160227203839,7.14371848259e-08,0,7387574.89738,7341952.53965,0.00164763890225,1203389753.74,0,0,19671562.5
0,0,44,171.830082991,198.325058136,468384,11437125,0.119135446265,3.7068702024e-08,0,11375694.7468,11314759.3657,0.00123857202781,2135592034.44,0,0,40360312.5
0,0,45,198.325058136,228.90536977,379880,17580125,0.0902484593262,1.45919106271e-08,0,17498261.3547,17416969.5962,0.000934728490627,3786362246.26,0,0,77220312.5
0,0,46,228.90536977,264.200947686,268048,26931250,0.0689040773951,4.69702539686e-09,0,26822509.336,26714427.4873,0.000705906902892,6689134182.12,0,0,132308125
0,0,47,264.200947686,304.938852367,333528,41586000,0.0525277605993,3.14770670691e-09,0,41440445.0898,41295654.7694,0.00052866519198,11915042014.4,0,0,207892500
0,0,48,304.938852367,351.958251843,465024,63777000,0.0396574515312,2.14348636434e-09,0,63583536.8216,63390954.5297,0.000398024679433,21082437636.4,0,0,351165000
0,0,49,351.958251843,406.227707879,460920,98124000,0.0297204482984,1.07744194681e-09,0,97866013.774,97609045.8222,0.000299118655355,37420359042.4,0,0,722100000
0,0,50,406.227707879,468.865127568,354464,150736000,0.0224510870188,3.94114926491e-10,0,150392507.722,150050190.651,0.000226514242331,66318086692.3,0,0,1361840000
0,0,51,468.865127568,541.160791313,268144,232514000,0.0169359753163,1.38224940649e-10,0,232054878.54,231597118.375,0.000169489365375,118046284931,0,0,2299690000
0,0,52,541.160791313,624.603931569,356616,356476000,0.0127344312892,9.18862095038e-11,0,355866059.52,355257686.243,0.000127183479423,208840486888,0,0,3564660000
0,0,53,624.603931569,720.913409829,474288,549048000,0.00957998335581,6.19676416392e-11,0,548233993.009,547421798.456,9.5251146588e-05,371196249807,0,0,6344880000
0,0,54,720.913409829,832.073123789,451608,845232000,0.00719260284786,2.66944894769e-11,0,844146315.68,843062725.847,7.19548489755e-05,659521618102,0,0,12950880000
0,0,55,832.073123789,960.372874041,329960,1295288000,0.00537918020146,9.73966525396e-12,0,1293846237.54,1292406885.46,5.36260831621e-05,1.16623655654e+12,0,0,23985200000
0,0,56,960.372874041,1108.45553212,271920,1995432000,0.00266278445874,9.86553271226e-13,0,1993507286.86,1991585362.32,1.25675645522e-05,2.07316379753e+12,0,0,39651600000
0,0,57,1108.45553212,1279.37148154,383128,3065024000,0.0015279705555,7.949253325e-16,0,3062462307.95,3059903832,0,3.67487607401e+12,0,0,61300480000
0,0,58,1279.37148154,1476.64145321,477432,4721280000,0.00115909640402,3.01762637604e-16,0,4717861421.51,4714446561.45,0,6.53367863054e+12,0,0,115038720000
0,0,59,1476.64145321,1704.3290497,438456,7257408000,0.000851576483318,1.04778262192e-16,0,7252855229.95,7248306750.43,0,1.15918400984e+13,0,0,230856960000
0,0,60,1704.3290497,1967.12445214,307720,11126528000,0.000640840939704,3.85709362196e-17,0,11120479279.1,11114435498.1,0,2.05069345341e+13,0,0,420582400000
0,0,61,1967.12445214,2270.44103419,280984,17141184000,0.00048520562898,1.43296726857e-17,0,17133109120.3,17125039955.4,0,3.64569336223e+13,0,0,683242240000
0,0,62,2270.44103419,2620.52687319,409096,26321920000,0.000372902994728,5.78558325551e-18,0,26311176010.8,26300438610.1,0,6.46087479555e+13,0,0,1.05926656e+12
0,0,63,2620.52687319,3024.59345549,476304,40558080000,0.000280510349584,2.21571219735e-18,0,40543737600.3,40529402820.5,0,1.14906797378e+14,0,0,2.08287744e+12
0,0,64,3024.59345549,3490.96422731,422832,62123520000,0.000202835273506,6.98135824696e-19,0,62104483241.4,62085455247,0,2.03103407622e+14,0,0,4.08778752e+12
0,0,65,3490.96422731,4029.24605099,289264,96045568000,0.000153605467845,2.58252271529e-19,0,96020069259.9,95994580690.7,0,3.62437475933e+14,0,0,7.38617344e+12
0,0,66,4029.24605099,4650.52709861,294856,147428864000,0.00011566906207,9.47268503654e-20,0,147394959246,147361066207,0,6.42230654995e+14,0,0,1.177409536e+13
0,0,67,4650.52709861,5367.60525945,431368,225763328000,0.000100353918025,9.87405144597e-20,0,225718336099,225673357669,0,1.13487746168e+15,0,0,1.850933248e+13
0,0,68,5367.60525945,6195.25176616,473784,348721152000,7.36903805505e-05,2.6665846151e-20,0,348660939042,348600741705,0,2.02322009854e+15,0,0,3.760226304e+13
0,0,69,6195.25176616,7150.5154703,403280,536264704000,5.47543471994e-05,8.84431163555e-21,0,536184493188,536104300402,0,3.59167187046e+15,0,0,7.30529792e+13
0,0,70,7150.5154703,8253.07403491,274456,819015680000,3.78943365867e-05,2.16045021811e-21,0,818909507698,818803356075,0,6.32894375689e+15,0,0,1.2755501056e+14
0,0,71,8253.07403491,9525.63927853,312384,1.267539968e+12,2.77001866491e-05,6.3223675328e-22,0,1.26739758545e+12,1.26725522693e+12,0,1.13039739936e+16,0,0,2.0266942464e+14
0,0,72,9525.63927853,10994.4250204,450840,1.945042944e+12,3.90627482939e-05,8.11212673359e-21,0,1.94485367723e+12,1.94466443813e+12,0,2.00236353086e+16,0,0,3.292004352e+14
0,0,73,10994.4250204,12689.687064,467976,2.979987456e+12,2.52671318557e-05,1.35709247628e-21,0,2.97973616369e+12,2.97948490323e+12,0,3.53997809693e+16,0,0,6.7120398336e+14
0,0,74,12689.687064,14646.3464423,381128,4.631527424e+12,1.91934974145e-05,5.79937629277e-22,0,4.63118914756e+12,4.63085090825e+12,0,6.35242812994e+16,0,0,1.30249392128e+15
0,0,75,14646.3464423,16904.7087628,267808,7.04512e+12,9.92619858619e-06,4.76235251572e-23,0,7.04467420563e+12,7.04422845364e+12,0,1.11528687082e+17,0,0,2.21488611328e+15
0,0,76,16904.7087628,19511.2944707,333432,1.0898374656e+13,6.65401967039e-06,4.32583334906e-24,0,1.08977771001e+13,1.08971795933e+13,0,1.99111826785e+17,0,0,3.48685074432e+15
0,0,77,19511.2944707,22519.7971324,457872,1.5003549696e+13,0.500661104827,3.65389394606e-13,0,1.50028340609e+13,1.50021184771e+13,0,3.1508705683e+17,0,0,4.80113590272e+15
0,0,78,22519.7971324,25992.1894802,415224,1.3606060032e+13,0.402534972994,1.41614927745e-13,0,1.36054954798e+13,1.36049309629e+13,0,3.28475752637e+17,0,0,4.35393921024e+15
0,0,79,25992.1894802,30000,274384,8.991014912e+12,0.186609581301,2.30700349835e-14,0,8.99069420413e+12,8.99037351348e+12,0,2.52949945156e+17,0,0,2.87712477184e+15
2.34375,30,0,0.3125,0.360685274596,8,0.244140625,8.58848387244e-05,5.28079771578e-08,3.72109738497e-09,0.220897757316,0.200864621745,4.89491409359e-05,0.0728431984177,1.34415527378e-07,2.19586832329e-10,0.0762939453125
2.34375,30,1,0.360685274596,0.416300375393,0,0,0,0,0,0,0,0,0,0,0,0
2.34375,30,2,0.416300375393,0.480490928682,0,0,0,0,0,0,0,0,0,0,0,0
2.34375,30,3,0.480490928682,0.554579208168,24,0.732421875,0.000390136804832,3.5650043451e-07,1.97516197256e-08,0.662761471909,0.602713792443,0.000139201425207,0.418410682986,-4.45166366536e-06,7.03267679763e-10,0.228881835938
2.34375,30,4,0.554579208168,0.640091372747,0,0,0,0,0,0,0,0,0,0,0,0
2.34375,30,5,0.640091372747,0.738788904146,24,0.732421875,0.000447721081881,4.04228158385e-07,1.6754512943e-08,0.662828225385,0.60282876716,0.000136359321231,0.549846927917,-1.97103713039e-06,9.05872211818e-10,0.228881835938
2.34375,30,6,0.738788904146,0.852704892033,32,0.9765625,0.00090010831894,1.18568092052e-06,2.48008601652e-08,0.883858275736,0.803924350083,0.000171258926083,0.873865074091,-1.098393399e-05,1.19901951881e-09,0.30517578125
2.34375,30,7,0.852704892033,0.984185914023,48,1.46484375,0.00094846069009,1.03053466579e-06,3.25108203459e-08,1.32591575364,1.20610895593,0.000268203883697,1.49227111004,2.8496596179e-06,2.05819773653e-09,0.457763671875
2.34375,30,8,0.984185914023,1.13594037329,72,2.197265625,0.00148170916849,1.52190254087e-06,5.64213769242e-08,1.98919281043,1.80971148103,0.000395839340827,2.62797410934,-1.60725818338e-05,3.59885609851e-09,0.686645507812
2.34375,30,9,1.13594037329,1.31109428949,96,2.9296875,0.00177156205516,1.62242680754e-06,8.18952794818e-08,2.65265880441,2.41364759275,0.000518670673253,3.93740172523,-1.05817081406e-05,4.86319540302e-09,0.91552734375
2.34375,30,10,1.31109428949,1.51325569224,176,5.37109375,0.00316799821223,3.08421851874e-06,1.34999616769e-07,4.86444608399,4.4271727019,0.000969951593389,8.39722296945,-3.21706656139e-05,7.44459645878e-09,1.67846679688
2.34375,30,11,1.51325569224,1.74658894365,240,7.32421875,0.00481433313531,4.9325685234e-06,1.78022118355e-07,6.63544509022,6.04068995034,0.00129009996318,13.1697379921,-1.92876913189e-05,9.49504363923e-09,2.28881835938
2.34375,30,12,1.74658894365,2.01590052078,368,11.23046875,0.00768998233943,8.30589838662e-06,3.18756492672e-07,10.1783821704,9.26939246229,0.00192536655504,23.1089331571,-4.15311237622e-05,1.4591178392e-08,3.50952148438
2.34375,30,13,2.01590052078,2.32673802527,648,19.775390625,0.0129053057836,1.3094701936e-05,5.10872755733e-07,17.9331454246,16.3401374332,0.00329905242898,47.2424007026,-7.28245370232e-05,2.61237321333e-08,6.17980957031
2.34375,30,14,2.32673802527,2.68550445938,872,26.611328125,0.017612542097,1.82064164307e-05,6.57538214762e-07,24.1497856592,22.0189976996,0.00429571176126,73.361236689,-6.41038982846e-05,3.68038260238e-08,8.31604003906
2.34375,30,15,2.68550445938,3.09959012276,1424,43.45703125,0.0269994513563,2.66377624565e-05,9.57226510084e-07,39.47366066,36.0208590726,0.00675872013678,137.796654674,-0.000133738792912,6.15312926578e-08,13.5803222656
2.34375,30,16,3.09959012276,3.5775248466,2240,68.359375,0.0409705224511,3.76410000615e-05,1.49792432042e-06,62.1702707396,56.7958936063,0.00989302086146,250.658545419,-0.000122142118455,9.22527833185e-08,21.3623046875
2.34375,30,17,3.5775248466,4.12915370134,3296,100.5859375,0.0556451174461,4.82613975356e-05,2.10195104897e-06,91.6207087885,83.8178692137,0.0135001949224,425.036610766,-0.000221439623671,1.25218633038e-07,31.4331054688
2.34375,30,18,4.12915370134,4.76583979718,5264,160.64453125,0.0875569756755,7.44977213344e-05,2.93912213838e-06,146.612965486,134.365673267,0.0194892045876,782.507709376,-0.000251540427726,2.02786061553e-07,50.2014160156
2.34375,30,19,4.76583979718,5.50069835496,7952,242.67578125,0.125175955096,0.00010074091682,4.03492522473e-06,222.018956383,203.924410658,0.0259422515493,1362.53053725,-0.000225746208258,2.87734177746e-07,75.8361816406
2.34375,30,20,5.50069835496,6.34886686921,12424,379.150390625,0.174531158259,0.000125805128538,5.39434864277e-06,347.905164703,320.416344479,0.0344089676747,2451.93172598,-0.000339786147993,3.5840957918e-07,118.48449707
2.34375,30,21,6.34886686921,7.3278169283,18760,572.509765625,0.241369105333,0.000159412170922,6.75803038835e-06,527.176577554,487.086999887,0.0425446710662,4259.66491941,-0.00027334636132,4.49607617704e-07,178.909301758
2.34375,30,22,7.3278169283,8.45771411511,28888,881.591796875,0.332443207183,0.000197570296792,7.96065508084e-06,815.072117848,755.895048083,0.0516273340337,7535.73672206,-0.000154509840965,5.46757757936e-07,275.497436523
2.34375,30,23,8.45771411511,9.76183340181,45040,1374.51171875,0.456294745894,0.000239196147952,9.43803768163e-06,1276.6574339,1189.01047847,0.0602114799939,13508.1367763,4.61298847251e-05,6.86470310946e-07,429.534912109
2.34375,30,24,9.76183340181,11.2670385955,68232,2082.27539062,0.576084457892,0.000251280079204,1.02232738096e-05,1943.76427135,1818.77583303,0.0650350188937,23505.8117949,9.2717965055e-05,7.28593596417e-07,650.71105957
2.34375,30,25,11.2670385955,13.004335711,105792,3228.515625,0.744016338506,0.000271524378338,1.08626175405e-05,3029.83719542,2849.13610804,0.0684439999305,41842.9710926,0.000295700833682,7.99147147264e-07,1008.91113281
2.34375,30,26,13.004335711,15.00951167,162464,4958.0078125,0.912131318686,0.000266860912525,1.07430069264e-05,4678.54814923,4422.29318817,0.0678704570853,73788.676371,0.00039695005624,7.78549456634e-07,1549.37744141
2.34375,30,27,15.00951167,17.3238714824,249464,7613.03710938,1.10096124498,0.000255223948831,1.02874271406e-05,7223.52465896,6863.42520241,0.0642201011072,130076.859171,0.000467622498866,7.69195522349e-07,2379.07409668
2.34375,30,28,17.3238714824,19.9950890966,383656,11708.2519531,1.30456559437,0.000234866141223,9.51884132483e-06,11168.9383729,10666.356889,0.0585596514296,229678.669791,0.000564792484369,6.69998435089e-07,3658.82873535
2.34375,30,29,19.9950890966,23.0781894444,476832,17991.9433594,1.40738822116,0.000184700783946,7.46821944163e-06,17251.2232495,16555.6728744,0.0513621759374,405340.718758,0.000480208289742,5.60320999887e-07,6851.11999512
2.34375,30,30,23.0781894444,26.6366819102,438480,27685.546875,1.37404788827,0.000119382091824,4.14768063668e-06,26673.0224201,25715.4361974,0.0437945730538,716508.285009,0.000440974096387,3.77742810429e-07,13760.3759766
2.34375,30,31,26.6366819102,30.7438685731,308032,42633.3007812,1.33934205109,7.20072199361e-05,1.79409642569e-06,41255.4491317,39943.7629144,0.0363700802648,1268126.02626,0.000268984356467,2.4805067036e-07,25191.8029785
2.34375,30,32,30.7438685731,35.484354171,280624,65321.0449219,1.40177690448,5.07633839549e-05,8.43649263446e-07,63462.9653868,61683.5259881,0.0294722819361,2233565.52946,0.000302199444055,1.86641908125e-07,40683.2122803
2.34375,30,33,35.484354171,40.9557888897,409624,100539.0625,1.47709869497,4.05419977299e-05,6.34197124127e-07,98030.2343551,95614.6690652,0.0235541241605,3953345.37017,0.000179935535324,1.4269443658e-07,63217.7734375
2.34375,30,34,40.9557888897,47.2708798783,475872,154611.328125,1.3440796544,2.66140612008e-05,3.92868060096e-07,151236.250074,147971.047431,0.0185769014396,6994902.61987,3.18449153071e-05,1.00606051039e-07,124083.251953
2.34375,30,35,47.2708798783,54.5597129258,423168,238541.015625,1.16486515909,1.45472257404e-05,1.85821924588e-07,233996.090333,229580.434691,0.0145392312702,12423631.4453,0.000304064995689,6.47438820239e-08,245679.931641
2.34375,30,36,54.5597129258,62.9724321232,288496,365089.84375,1.04194401885,7.15865945666e-06,6.52595347892e-08,359027.3323,353115.228237,0.011185045037,21891616.0389,0.000129970423275,3.92767302548e-08,438649.902344
2.34375,30,37,62.9724321232,72.6823327115,295552,563796.875,0.958393999059,4.64807071767e-06,3.2178676355e-08,555648.269569,547675.756424,0.00863639114487,38936891.469,0.000179655316046,2.75055284573e-08,703544.921875
2.34375,30,38,72.6823327115,83.8894308234,431344,861171.875,0.836645995652,3.43740145162e-06,2.35306669936e-08,850347.541244,839726.762739,0.00656155117615,68503994.7032,6.39370077886e-05,2.08219156017e-08,1103183.59375
2.34375,30,39,83.8894308234,96.8245836552,473112,1328953.125,0.644557067266,1.96317540209e-06,1.35541768579e-08,1314436.94045,1300158.11943,0.00501134605334,121793029.346,-2.96526499247e-05,1.34555645672e-08,2239628.90625
2.34375,30,40,96.8245836552,111.754244939,403256,2045640.625,0.47397093614,8.44900874426e-07,5.93014446358e-09,2026239.65211,2007114.26315,0.00381175734708,216091291.539,1.77161391794e-05,7.97759969842e-09,4354238.28125
2.34375,30,41,111.754244939,128.985953673,275392,3139906.25,0.356331693518,3.14855242451e-07,2.22652720451e-09,3114059.6061,3088531.75753,0.00288260107899,382341422.957,0.000199814527396,4.81475237051e-09,7642070.3125
2.34375,30,42,128.985953673,148.874669183,311760,4827500,0.277621147842,1.82843605759e-07,1.2923505477e-09,4793019.04492,4758907.25227,0.00217854671385,677678123.774,4.45880152509e-05,3.42599925045e-09,12060937.5
2.34375,30,43,148.874669183,171.830082991,451392,7433625,0.213998123581,1.3156709977e-07,9.27644416225e-10,7387574.89736,7341952.53966,0.00164769833902,1203389753.74,1.02308673431e-05,2.52904704962e-09,19671562.5
2.34375,30,44,171.830082991,198.325058136,468384,11437125,0.151158026446,6.68944601787e-08,4.70062702272e-10,11375694.7469,11314759.3657,0.00123856398326,2135592034.44,1.28018554774e-05,1.61240538472e-09,40360312.5
2.34375,30,45,198.325058136,228.90536977,379880,17580125,0.10687344855,2.48368994449e-08,1.74135869657e-10,17498261.3547,17416969.5962,0.000934698133325,3786362246.26,-2.64670745186e-05,9.71936152137e-10,77220312.5
2.34375,30,46,228.90536977,264.200947686,268048,26931250,0.0775626806403,6.69405110994e-09,5.04161883513e-11,26822509.3358,26714427.4874,0.000705907548685,6689134182.11,9.08468330084e-05,6.19916517314e-10,132308125
2.34375,30,47,264.200947686,304.938852367,333528,41586000,0.0586887313333,4.29036025934e-09,3.23058798876e-11,41440445.0899,41295654.7693,0.000528671223514,11915042014.4,-3.93374346316e-05,4.59148784346e-10,207892500
2.34375,30,48,304.938852367,351.958251843,465024,63777000,0.0440191754395,2.8942289885e-09,2.18110877542e-11,63583536.8215,63390954.5297,0.000398022409682,21082437636.4,5.85502736484e-06,3.21405473623e-10,351165000
2.34375,30,49,351.958251843,406.227707879,460920,98124000,0.0321629739331,1.43301053469e-09,1.03741783989e-11,97866013.774,97609045.8222,0.000299132377367,37420359042.4,-3.5643058847e-06,1.72819851976e-10,722100000
2.34375,30,50,406.227707879,468.865127568,354464,150736000,0.0235449513465,5.02266775e-10,3.1269375348e-12,150392507.722,150050190.651,0.000226500400675,66318086692.3,4.12464930592e-05,7.39446734882e-11,1361840000
2.34375,30,51,468.865127568,541.160791313,268144,232514000,0.0174915421405,1.55367810762e-10,6.39845467967e-13,232054878.54,231597118.375,0.000169488986722,118046284931,1.85570303655e-06,3.60789305855e-11,2299690000
2.34375,30,52,541.160791313,624.603931569,356616,356476000,0.0131354685941,1.01968565167e-10,3.76346665009e-13,355866059.52,355257686.243,0.000127183420204,208840486888,5.43373858321e-06,2.46848651947e-11,3564660000
2.34375,30,53,624.603931569,720.913409829,474288,549048000,0.00985385121691,6.80483764507e-11,2.42061548354e-13,548233993.009,547421798.456,9.52512137923e-05,371196249807,-1.42385038256e-05,1.70066469216e-11,6344880000
2.34375,30,54,720.913409829,832.073123789,451608,845232000,0.00733047532395,2.90230759091e-11,9.45961528349e-14,844146315.68,843062725.847,7.19547823276e-05,659521618102,1.20575107807e-05,7.52146068194e-12,12950880000
2.34375,30,55,832.073123789,960.372874041,329960,1295288000,0.00544412478825,1.03613712773e-11,2.71175894409e-14,1293846237.54,1292406885.46,5.36260844252e-05,1.16623655654e+12,-2.40341444782e-07,2.89701477049e-12,23985200000
2.34375,30,56,960.372874041,1108.45553212,271920,1995432000,0.00267290853499,1.01029078948e-12,1.13498753297e-15,1993507286.86,1991585362.32,1.25675608289e-05,2.07316379753e+12,-0.00082062379097,3.19927827927e-13,39651600000
2.34375,30,57,1108.45553212,1279.37148154,383128,3065024000,0.00152794994949,7.94897411252e-16,2.61526016741e-21,3062462307.95,3059903832,0,3.67487607401e+12,-0.000894945481076,2.72687478461e-16,61300480000
2.34375,30,58,1279.37148154,1476.64145321,477432,4721280000,0.00115906396581,3.0174489383e-16,9.82538122483e-22,4717861421.51,4714446561.45,0,6.53367863054e+12,-0.000678859030858,1.03446941857e-16,115038720000
2.34375,30,59,1476.64145321,1704.3290497,438456,7257408000,0.000851582631268,1.04780021532e-16,2.92392001423e-22,7252855229.95,7248306750.43,0,1.15918400984e+13,-0.000498857959082,3.59461960603e-17,230856960000
2.34375,30,60,1704.3290497,1967.12445214,307720,11126528000,0.00064084919378,3.85720916242e-17,7.30664671636e-23,11120479279.1,11114435498.1,0,2.05069345341e+13,-0.000375405297657,1.32338511403e-17,420582400000
2.34375,30,61,1967.12445214,2270.44103419,280984,17141184000,0.000485197744483,1.43292747586e-17,1.30152376191e-23,17133109120.3,17125039955.4,0,3.64569336223e+13,-0.000284226264973,4.91709834795e-18,683242240000
2.34375,30,62,2270.44103419,2620.52687319,409096,26321920000,0.000372899219101,5.7836127557e-18,2.63634171202e-23,26311176010.8,26300438610.1,0,6.46087479555e+13,-0.000218434447022,1.98377675354e-18,1.05926656e+12
2.34375,30,63,2620.52687319,3024.59345549,476304,40558080000,0.000280487919305,2.21467512029e-18,8.79897960257e-24,40543737600.3,40529402820.5,0,1.14906797378e+14,-0.00016269665883,7.58711565141e-19,2.08287744e+12
2.34375,30,64,3024.59345549,3490.96422731,422832,62123520000,0.000202817494138,6.97971756868e-19,3.33685042808e-24,62104483241.4,62085455247,0,2.03103407622e+14,-0.000114820794465,2.39260930783e-19,4.08778752e+12
2.34375,30,65,3490.96422731,4029.24605099,289264,96045568000,0.000153602383708,2.58233544118e-19,6.08665681065e-25,96020069259.9,95994580690.7,0,3.62437475933e+14,-8.88742382757e-05,8.85603408869e-20,7.38617344e+12
2.34375,30,66,4029.24605099,4650.52709861,294856,147428864000,0.00011566186459,9.47157800856e-20,2.5531079037e-26,147394959246,147361066207,0,6.42230654995e+14,-6.77439882282e-05,3.24955334452e-20,1.177409536e+13
2.34375,30,67,4650.52709861,5367.60525945,431368,225763328000,0.000100317941376,9.85161201963e-20,8.5152686637e-25,225718336099,225673357669,0,1.13487746168e+15,-5.85033903889e-05,3.37758395931e-20,1.850933248e+13
2.34375,30,68,5367.60525945,6195.25176616,473784,348721152000,7.36926967125e-05,2.66462239997e-20,1.77177318508e-25,348660939042,348600741705,0,2.02322009854e+15,-3.70577853742e-05,9.10819200531e-21,3.760226304e+13
2.34375,30,69,6195.25176616,7150.5154703,403280,536264704000,5.47408204646e-05,8.84195558954e-21,7.93271718874e-26,536184493188,536104300402,0,3.59167187046e+15,-2.37908578901e-05,3.02730832802e-21,7.30529792e+13
2.34375,30,70,7150.5154703,8253.07403491,274456,819015680000,3.78954239322e-05,2.16158281489e-21,9.93410390474e-27,818909507698,818803356075,0,6.32894375689e+15,-2.0290389028e-05,7.39921067533e-22,1.2755501056e+14
2.34375,30,71,8253.07403491,9525.63927853,312384,1.267539968e+12,2.77058127709e-05,6.33461314491e-22,1.10110185275e-28,1.26739758545e+12,1.26725522693e+12,0,1.13039739936e+16,-1.61391101168e-05,2.1598205877e-22,2.0266942464e+14
2.34375,30,72,9525.63927853,10994.4250204,450840,1.945042944e+12,3.90504587327e-05,8.10167661659e-21,2.84651089525e-26,1.94485367723e+12,1.94466443813e+12,0,2.00236353086e+16,-2.0984423157e-05,2.7801428087e-21,3.292004352e+14
2.34375,30,73,10994.4250204,12689.687064,467976,2.979987456e+12,2.52611546868e-05,1.3573564896e-21,4.52472167421e-27,2.97973616369e+12,2.97948490323e+12,0,3.53997809693e+16,-5.80255218588e-06,4.65271379783e-22,6.7120398336e+14
2.34375,30,74,12689.687064,14646.3464423,381128,4.631527424e+12,1.92108944612e-05,5.80924399814e-22,1.98754893926e-27,4.63118914756e+12,4.63085090825e+12,0,6.35242812994e+16,-2.40354194685e-06,1.99356602546e-22,1.30249392128e+15
2.34375,30,75,14646.3464423,16904.7087628,267808,7.04512e+12,9.91721164859e-06,4.79862724972e-23,1.49214236408e-28,7.04467420563e+12,7.04422845364e+12,0,1.11528687082e+17,-4.38742400784e-06,1.65054468663e-23,2.21488611328e+15
2.34375,30,76,16904.7087628,19511.2944707,333432,1.0898374656e+13,8.44596896311e-06,4.48458422347e-23,3.2398013856e-23,1.08977771001e+13,1.08971795933e+13,0,1.99111826785e+17,-3.97536071074e-06,8.06775070049e-24,3.48685074432e+15
2.34375,30,77,19511.2944707,22519.7971324,457872,1.5003549696e+13,0.500575465295,3.65370621376e-13,1.33553976481e-20,1.50028340609e+13,1.50021184771e+13,0,3.1508705683e+17,0.0268977661023,1.45250782553e-15,4.80113590272e+15
2.34375,30,78,22519.7971324,25992.1894802,415224,1.3606060032e+13,0.402477391484,1.41608500806e-13,4.66123556646e-21,1.36054954798e+13,1.36049309629e+13,0,3.28475752637e+17,0.018914340837,4.53287934313e-16,4.35393921024e+15
2.34375,30,79,25992.1894802,30000,274384,8.991014912e+12,0.18658501468,2.30690445026e-14,7.63857817756e-22,8.99069420413e+12,8.99037351348e+12,0,2.52949945156e+17,0.00838673481474,7.27661179319e-17,2.87712477184e+15
4.6875,60,0,0.3125,0.360685274596,8,0.244140625,0.000120587354005,9.30078598715e-08,3.78599064797e-09,0.220903893504,0.20086773145,4.62161513765e-05,0.0728426346456,-2.95910878698e-06,8.18996311225e-11,0.0762939453125
4.6875,60,1,0.360685274596,0.416300375393,0,0,0,0,0,0,0,0,0,0,0,0
4.6875,60,2,0.416300375393,0.480490928682,0,0,0,0,0,0,0,0,0,0,0,0
4.6875,60,3,0.480490928682,0.554579208168,24,0.732421875,0.000287617606208,1.97065093653e-07,1.84847488812e-08,0.662777931259,0.602717710571,0.00013536820952,0.418409323564,-3.088136662e-06,6.21998984683e-10,0.228881835938
4.6875,60,4,0.554579208168,0.640091372747,0,0,0,0,0,0,0,0,0,0,0,0
4.6875,60,5,0.640091372747,0.738788904146,24,0.732421875,0.000330387400107,2.76180222054e-07,1.20750681028e-08,0.662842054083,0.602830108491,0.000140504018795,0.549846317077,-1.18243314306e-06,5.12488716656e-10,0.228881835938
4.6875,60,6,0.738788904146,0.852704892033,32,0.9765625,0.000580583414606,4.89362247474e-07,2.04353351385e-08,0.883876789542,0.803925194894,0.000181750649,0.873864616309,-3.81552005596e-06,1.57501001626e-09,0.30517578125
4.6875,60,7,0.852704892033,0.984185914023,48,1.46484375,0.000795494356531,6.73577415865e-07,3.09745506084e-08,1.3259457098,1.20611322721,0.000261798093293,1.49226847011,-7.05386660447e-06,1.33937596872e-09,0.457763671875
4.6875,60,8,0.984185914023,1.13594037329,72,2.197265625,0.00123839406099,1.0755211072e-06,4.34044793313e-08,1.98923672243,1.80972322949,0.000388948964979,2.62796544512,-8.56576189258e-06,1.72878604429e-09,0.686645507812
4.6875,60,9,1.13594037329,1.31109428949,96,2.9296875,0.00177607522986,1.61194393766e-06,6.62979545232e-08,2.65271631951,2.41365427079,0.000524327850726,3.93739633418,-1.50878466149e-05,2.54951273712e-09,0.91552734375
4.6875,60,10,1.31109428949,1.51325569224,176,5.37109375,0.00293131056116,2.46395071126e-06,1.08780628764e-07,4.86455631701,4.42720049693,0.000957752683232,8.39719623624,-1.80391649979e-05,5.08905635264e-09,1.67846679688
4.6875,60,11,1.51325569224,1.74658894365,240,7.32421875,0.00392871211746,3.19741410216e-06,1.60133620464e-07,6.6355719422,6.04070699017,0.0012878060277,13.1697193529,-1.43401927304e-05,7.28428530861e-09,2.28881835938
4.6875,60,12,1.74658894365,2.01590052078,368,11.23046875,0.00598661131111,4.9987760133e-06,2.24995138307e-07,10.1785647979,9.26941228724,0.00191975219804,23.1089089727,-3.92011195501e-05,1.15878944404e-08,3.50952148438
4.6875,60,13,2.01590052078,2.32673802527,648,19.775390625,0.0106759210576,9.08273803751e-06,3.96696365726e-07,17.9334146419,16.340124188,0.00328919343596,47.2424208072,-2.73155596491e-05,1.942913905e-08,6.17980957031
4.6875,60,14,2.32673802527,2.68550445938,872,26.611328125,0.0136507997372,1.10505288876e-05,4.79792866307e-07,24.1500610413,22.0189089113,0.00431568046161,73.3613856228,-4.99466048241e-05,2.18951499649e-08,8.31604003906
4.6875,60,15,2.68550445938,3.09959012276,1424,43.45703125,0.0225047352575,1.84930013305e-05,7.7242025564e-07,39.4740595175,36.0206814959,0.00675807973017,137.796994447,-7.9730223636e-05,3.61037535158e-08,13.5803222656
4.6875,60,16,3.09959012276,3.5775248466,2240,68.359375,0.0343579003124,2.72901154613e-05,1.19306427077e-06,62.1708671801,56.7956369174,0.00994368140495,250.659111043,-9.04811164588e-05,5.89695646892e-08,21.3623046875
4.6875,60,17,3.5775248466,4.12915370134,3296,100.5859375,0.0464734888929,3.37406916145e-05,1.61962840719e-06,91.6215184834,83.8176989027,0.0134756629668,425.037037021,-0.000188266660099,7.41143387004e-08,31.4331054688
4.6875,60,18,4.12915370134,4.76583979718,5264,160.64453125,0.0718377231855,5.07015874736e-05,2.32460785487e-06,146.614091958,134.365442947,0.0194582400543,782.508392042,-0.000241839975653,1.25805809309e-07,50.2014160156
4.6875,60,19,4.76583979718,5.50069835496,7952,242.67578125,0.102310581595,6.74589270214e-05,3.27797738679e-06,222.020284063,203.92385685,0.0259752691979,1362.53238864,-0.000280129120478,1.78357238903e-07,75.8361816406
4.6875,60,20,5.50069835496,6.34886686921,12424,379.150390625,0.147719261958,9.04678703267e-05,4.45324830468e-06,347.906957951,320.415863757,0.0344393531657,2451.9335485,-0.000501737670185,2.57782806737e-07,118.48449707
4.6875,60,21,6.34886686921,7.3278169283,18760,572.509765625,0.201910560813,0.000112202275073,5.61762378897e-06,527.178713535,487.086733782,0.042516758814,4259.66609418,-0.000639971986339,3.50252638685e-07,178.909301758
4.6875,60,22,7.3278169283,8.45771411511,28888,881.591796875,0.276664660139,0.000137022136932,6.92485271887e-06,815.073808395,755.894390487,0.0516254344831,7535.74002828,-0.000658985270444,4.56289037359e-07,275.497436523
4.6875,60,23,8.45771411511,9.76183340181,45040,1374.51171875,0.373307667188,0.000160424125088,8.31493645765e-06,1276.65831903,1189.01005423,0.060222804479,13508.1391028,-0.00047740914415,5.52192506063e-07,429.534912109
4.6875,60,24,9.76183340181,11.2670385955,68232,2082.27539062,0.476220426328,0.000171907869219,9.26023214398e-06,1943.76406402,1818.77602764,0.0650254100172,23505.8105621,-0.000208236443819,6.65697836326e-07,650.71105957
4.6875,60,25,11.2670385955,13.004335711,105792,3228.515625,0.608885847399,0.000182494527807,9.7651738942e-06,3029.83552082,2849.13630862,0.0683775455778,41842.9695386,0.000458711079649,7.84535465847e-07,1008.91113281
4.6875,60,26,13.004335711,15.00951167,162464,4958.0078125,0.750449021263,0.000181188168716,9.86767880896e-06,4678.5459252,4422.29372584,0.067926596613,73788.6718988,0.000481505069616,8.08952637629e-07,1549.37744141
4.6875,60,27,15.00951167,17.3238714824,249464,7613.03710938,0.895812685966,0.000169681877036,9.3184721807e-06,7223.52176191,6863.42627003,0.0641969047633,130076.849182,0.000881067855949,7.57663476586e-07,2379.07409668
4.6875,60,28,17.3238714824,19.9950890966,383656,11708.2519531,1.05398394356,0.000154610216487,8.85444121598e-06,11168.9351115,10666.3578432,0.0585705423644,229678.659555,0.000791372444211,7.15853927368e-07,3658.82873535
4.6875,60,29,19.9950890966,23.0781894444,476832,17991.9433594,1.13299193241,0.000120672174317,7.13726273839e-06,17251.2205196,16555.67358,0.0513819109245,405340.710149,0.000902991162593,5.96739351088e-07,6851.11999512
4.6875,60,30,23.0781894444,26.6366819102,438480,27685.546875,1.09438976991,7.60868047309e-05,3.9922472076e-06,26673.019159,25715.4372863,0.0437663682705,716508.270039,0.000929418936219,4.08977308595e-07,13760.3759766
4.6875,60,31,26.6366819102,30.7438685731,308032,42633.3007812,1.0477609291,4.42208757976e-05,1.65871991507e-06,41255.447493,39943.763338,0.0363778461246,1268126.01968,0.000582073956882,2.60423602596e-07,25191.8029785
4.6875,60,32,30.7438685731,35.484354171,280624,65321.0449219,1.08905802452,2.99959017406e-05,7.00777507048e-07,63462.9633796,61683.5266653,0.029476034184,2233565.5174,0.000574453987554,1.89407636569e-07,40683.2122803
4.6875,60,33,35.484354171,40.9557888897,409624,100539.0625,1.17307270809,2.34526605707e-05,5.07432150872e-07,98030.2327605,95614.6696011,0.0235504685461,3953345.35924,0.000451622291581,1.43717808108e-07,63217.7734375
4.6875,60,34,40.9557888897,47.2708798783,475872,154611.328125,1.113131135,1.54389987057e-05,3.25757063128e-07,151236.249657,147971.047576,0.0185817006913,6994902.61643,0.000233762966952,1.00967060972e-07,124083.251953
4.6875,60,35,47.2708798783,54.5597129258,423168,238541.015625,0.983023016706,8.64931540148e-06,1.58809821197e-07,233996.088783,229580.435142,0.0145385784288,12423631.4332,0.000355327847583,6.27316346139e-08,245679.931641
4.6875,60,36,54.5597129258,62.9724321232,288496,365089.84375,0.869757374611,4.52036471074e-06,6.01000794497e-08,359027.331276,353115.228589,0.0111828218491,21891616.0281,0.000292678958387,3.88302844497e-08,438649.902344
4.6875,60,37,62.9724321232,72.6823327115,295552,563796.875,0.799220494926,3.07191970338e-06,3.05117276349e-08,555648.268316,547675.756825,0.00863578011928,38936891.455,0.000349677667496,2.71779442943e-08,703544.921875
4.6875,60,38,72.6823327115,83.8894308234,431344,861171.875,0.712330350828,2.31325279158e-06,2.21297193858e-08,850347.54108,839726.762769,0.00656210916907,68503994.7024,7.9425080849e-05,2.03117095148e-08,1103183.59375
4.6875,60,39,83.8894308234,96.8245836552,473112,1328953.125,0.591062607767,1.36853879979e-06,1.26321099804e-08,1314436.94043,1300158.11944,0.00501085509022,121793029.346,-7.27082782883e-05,1.31109885771e-08,2239628.90625
4.6875,60,40,96.8245836552,111.754244939,403256,2045640.625,0.483181573454,6.35045767652e-07,5.38572477736e-09,2026239.65154,2007114.26337,0.00381181289823,216091291.527,0.000250822987791,8.03257743544e-09,4354238.28125
4.6875,60,41,111.754244939,128.985953673,275392,3139906.25,0.391182218801,2.72228120248e-07,1.87131351275e-09,3114059.60487,3088531.7579,0.00288287795282,382341422.934,0.000289623518298,4.91850719759e-09,7642070.3125
4.6875,60,42,128.985953673,148.874669183,311760,4827500,0.320284029713,1.68964700739e-07,1.01782367812e-09,4793019.04465,4758907.25236,0.00217850113887,677678123.768,0.000103659438164,3.52577727427e-09,12060937.5
4.6875,60,43,148.874669183,171.830082991,451392,7433625,0.255635479991,1.22404761188e-07,7.29049640935e-10,7387574.89731,7341952.53967,0.0016478325826,1203389753.74,5.71613026661e-06,2.58543664294e-09,19671562.5
4.6875,60,44,171.830082991,198.325058136,468384,11437125,0.184033846696,6.36327965914e-08,3.90422024143e-10,11375694.7467,11314759.3658,0.00123857807034,2135592034.43,3.52267806673e-05,1.60793070464e-09,40360312.5
4.6875,60,45,198.325058136,228.90536977,379880,17580125,0.130092266319,2.56506960814e-08,1.60103210843e-10,17498261.3547,17416969.5962,0.000934551936179,3786362246.26,4.91338173546e-05,9.40198283079e-10,77220312.5
4.6875,60,46,228.90536977,264.200947686,268048,26931250,0.0947002182552,9.01185415473e-09,6.02523784834e-11,26822509.3355,26714427.4875,0.000705898009254,6689134182.1,4.66527081387e-05,5.71489538389e-10,132308125
4.6875,60,47,264.200947686,304.938852367,333528,41586000,0.0720810325234,6.09263050257e-09,4.12539112623e-11,41440445.09,41295654.7693,0.000528705783881,11915042014.4,1.025751893e-06,4.24218057915e-10,207892500
4.6875,60,48,304.938852367,351.958251843,465024,63777000,0.0542233973351,4.15760623241e-09,2.81168340061e-11,63583536.8215,63390954.5297,0.000398014574461,21082437636.4,2.04878065534e-05,3.05275124078e-10,351165000
4.6875,60,49,351.958251843,406.227707879,460920,98124000,0.0382781379109,2.04250647286e-09,1.38629669997e-11,97866013.774,97609045.8222,0.000299120239689,37420359042.4,-9.96237684804e-06,1.92001302165e-10,722100000
4.6875,60,50,406.227707879,468.865127568,354464,150736000,0.026480341008,6.91917094635e-10,4.63977853608e-12,150392507.722,150050190.651,0.00022650578295,66318086692.3,4.43512084381e-05,1.12553276112e-10,1361840000
4.6875,60,51,468.865127568,541.160791313,268144,232514000,0.0190728647653,1.97257761271e-10,1.45315580962e-12,232054878.54,231597118.375,0.000169487875824,118046284931,1.00383864878e-05,7.52703014773e-11,2299690000
4.6875,60,52,541.160791313,624.603931569,356616,356476000,0.0142996766819,1.27873583525e-10,9.46390183464e-13,355866059.52,355257686.243,0.000127184163089,208840486888,9.21779622736e-06,5.33459757477e-11,3564660000
4.6875,60,53,624.603931569,720.913409829,474288,549048000,0.0106750377544,8.4795231618e-11,6.20432606563e-13,548233993.01,547421798.456,9.52513565998e-05,371196249807,-1.64738608237e-05,3.72218793415e-11,6344880000
4.6875,60,54,720.913409829,832.073123789,451608,845232000,0.00774652587548,3.55012349298e-11,2.47578812285e-13,844146315.68,843062725.847,7.19545822165e-05,659521618102,3.0878572641e-05,1.79266325107e-11,12950880000
4.6875,60,55,832.073123789,960.372874041,329960,1295288000,0.00563956250015,1.2114576208e-11,7.45014031857e-14,1293846237.54,1292406885.46,5.36260881725e-05,1.16623655654e+12,8.28460079586e-07,8.09428490352e-12,23985200000
4.6875,60,56,960.372874041,1108.45553212,271920,1995432000,0.00270482926354,1.08238118971e-12,4.02080987548e-15,1993507286.87,1991585362.32,1.25675496582e-05,2.07316379753e+12,-0.00164036377792,1.09533056869e-12,39651600000
4.6875,60,57,1108.45553212,1279.37148154,383128,3065024000,0.00152788138185,7.94849224187e-16,1.03976042929e-20,3062462307.96,3059903832,0,3.67487607401e+12,-0.00179007571993,1.09084681107e-15,61300480000
4.6875,60,58,1279.37148154,1476.64145321,477432,4721280000,0.00115910254313,3.01903725553e-16,3.72396639079e-21,4717861421.52,4714446561.45,0,6.53367863054e+12,-0.00135741665386,4.1300674005e-16,115038720000
4.6875,60,59,1476.64145321,1704.3290497,438456,7257408000,0.000851525382238,1.0478687971e-16,1.13212822695e-21,7252855229.95,7248306750.43,0,1.15918400984e+13,-0.00099797581113,1.43770686832e-16,230856960000
4.6875,60,60,1704.3290497,1967.12445214,307720,11126528000,0.000640828950309,3.85742524583e-17,2.8284609957e-22,11120479279.1,11114435498.1,0,2.05069345341e+13,-0.000750923413982,5.29319297726e-17,420582400000
4.6875,60,61,1967.12445214,2270.44103419,280984,17141184000,0.000485191146565,1.43288815432e-17,5.19338847926e-23,17133109120.3,17125039955.4,0,3.64569336223e+13,-0.000568474090407,1.96696953128e-17,683242240000
4.6875,60,62,2270.44103419,2620.52687319,409096,26321920000,0.000372899363907,5.7843164374e-18,1.04042874186e-22,26311176010.8,26300438610.1,0,6.46087479555e+13,-0.000436831671197,7.9206583272e-18,1.05926656e+12
4.6875,60,63,2620.52687319,3024.59345549,476304,40558080000,0.000280527024248,2.21636733539e-18,3.36348271842e-23,40543737600.3,40529402820.5,0,1.14906797378e+14,-0.000325354923723,3.0207134125e-18,2.08287744e+12
4.6875,60,64,3024.59345549,3490.96422731,422832,62123520000,0.000202863407512,6.98266902145e-19,1.30299824736e-23,62104483241.4,62085455247,0,2.03103407622e+14,-0.000229709462473,9.54595980645e-19,4.08778752e+12
4.6875,60,65,3490.96422731,4029.24605099,289264,96045568000,0.000153622662896,2.5830792398e-19,2.36764858407e-24,96020069259.9,95994580690.6,0,3.62437475933e+14,-0.000177770985845,3.53762392198e-19,7.38617344e+12
4.6875,60,66,4029.24605099,4650.52709861,294856,147428864000,0.000115655321642,9.47140954013e-20,1.02162431685e-25,147394959246,147361066207,0,6.42230654995e+14,-0.000135493569992,1.29990449104e-19,1.177409536e+13
4.6875,60,67,4650.52709861,5367.60525945,431368,225763328000,0.000100305280262,9.84470033551e-20,3.3855227683e-24,225718336099,225673357669,0,1.13487746168e+15,-0.000116973223374,1.34288815366e-19,1.850933248e+13
4.6875,60,68,5367.60525945,6195.25176616,473784,348721152000,7.36965112515e-05,2.6651174019e-20,6.97942152947e-25,348660939042,348600741705,0,2.02322009854e+15,-7.41092955691e-05,3.60950455381e-20,3.760226304e+13
4.6875,60,69,6195.25176616,7150.5154703,403280,536264704000,5.4734373596e-05,8.84481659695e-21,3.15518718958e-25,536184493188,536104300402,0,3.59167187046e+15,-4.76012266922e-05,1.20421277581e-20,7.30529792e+13
4.6875,60,70,7150.5154703,8253.07403491,274456,819015680000,3.79034914778e-05,2.16460317623e-21,3.97387208046e-26,818909507698,818803356075,0,6.32894375689e+15,-4.05852599307e-05,2.95555612885e-21,1.2755501056e+14
4.6875,60,71,8253.07403491,9525.63927853,312384,1.267539968e+12,2.77007336065e-05,6.34187763909e-22,5.1292089478e-28,1.26739758545e+12,1.26725522693e+12,0,1.13039739936e+16,-3.22756342928e-05,8.65697281373e-22,2.0266942464e+14
4.6875,60,72,9525.63927853,10994.4250204,450840,1.945042944e+12,3.90378376265e-05,8.09597086202e-21,1.13666432125e-25,1.94485367723e+12,1.94466443813e+12,0,2.00236353086e+16,-4.19645073104e-05,1.10877436204e-20,3.292004352e+14
4.6875,60,73,10994.4250204,12689.687064,467976,2.979987456e+12,2.52669728032e-05,1.35938225941e-21,1.81640662001e-26,2.97973616369e+12,2.97948490323e+12,0,3.53997809693e+16,-1.16081992763e-05,1.8606033457e-21,6.7120398336e+14
4.6875,60,74,12689.687064,14646.3464423,381128,4.631527424e+12,1.92659150774e-05,5.81928417853e-22,7.99495137204e-27,4.63118914756e+12,4.63085090825e+12,0,6.35242812994e+16,-4.80816661792e-06,7.98137761582e-22,1.30249392128e+15
4.6875,60,75,14646.3464423,16904.7087628,267808,7.04512e+12,9.92012791578e-06,4.82525900758e-23,6.14038874346e-28,7.04467420563e+12,7.04422845364e+12,0,1.11528687082e+17,-8.75989428637e-06,6.68240742529e-23,2.21488611328e+15
4.6875,60,76,16904.7087628,19511.2944707,333432,1.0898374656e+13,1.03916037505e-05,1.61223590112e-22,1.2893729124e-22,1.08977771001e+13,1.08971795933e+13,0,1.99111826785e+17,-8.38548352901e-06,1.1487574169e-22,3.48685074432e+15
4.6875,60,77,19511.2944707,22519.7971324,457872,1.5003549696e+13,0.500494795026,3.65352680374e-13,5.30238330199e-20,1.50028340609e+13,1.50021184771e+13,0,3.1508705683e+17,0.0540387634417,5.80054451285e-15,4.80113590272e+15
4.6875,60,78,22519.7971324,25992.1894802,415224,1.3606060032e+13,0.402422990443,1.41602358225e-13,1.85077067273e-20,1.36054954798e+13,1.36049309629e+13,0,3.28475752637e+17,0.0380049065293,1.81023785002e-15,4.35393921024e+15
4.6875,60,79,25992.1894802,30000,274384,8.991014912e+12,0.186561703704,2.30681006086e-14,3.03504455737e-21,8.99069420413e+12,8.99037351348e+12,0,2.52949945156e+17,0.016843913801,2.90599552962e-16,2.87712477184e+15
6.953125,89,0,0.3125,0.360685274596,8,0.244140625,0.000155151771003,1.36504909763e-07,3.6437145733e-09,0.220908723522,0.20087378307,4.60880007517e-05,0.0728415373384,-1.63190176755e-06,8.08105625769e-11,0.0762939453125
6.953125,89,1,0.360685274596,0.416300375393,0,0,0,0,0,0,0,0,0,0,0,0
6.953125,89,2,0.416300375393,0.480490928682,0,0,0,0,0,0,0,0,0,0,0,0
6.953125,89,3,0.480490928682,0.554579208168,24,0.732421875,0.000322160738351,2.29517823317e-07,1.20870048299e-08,0.662789727857,0.602735151666,0.00013310542989,0.41840326956,-4.54033154282e-06,4.67796215347e-10,0.228881835938
6.953125,89,4,0.554579208168,0.640091372747,0,0,0,0,0,0,0,0,0,0,0,0
6.953125,89,5,0.640091372747,0.738788904146,24,0.732421875,0.000300136451867,1.8043798354e-07,9.44907931788e-09,0.662852556275,0.602844916941,0.000133423433916,0.549839563431,-3.72817365731e-06,7.28434406951e-10,0.228881835938
6.953125,89,6,0.738788904146,0.852704892033,32,0.9765625,0.000376273051975,2.08031281742e-07,1.57188973036e-08,0.883888980712,0.803942279166,0.000175638887202,0.873855330625,-4.95794241902e-06,5.80918681297e-10,0.30517578125
6.953125,89,7,0.852704892033,0.984185914023,48,1.46484375,0.00067375869545,5.23530873128e-07,1.80748992922e-08,1.32595996197,1.20613203577,0.000265117282535,1.49225683396,-2.22461470168e-06,9.28174288583e-10,0.457763671875
6.953125,89,8,0.984185914023,1.13594037329,72,2.197265625,0.00105072165883,7.96799115006e-07,3.61999194179e-08,1.98925585685,1.80974781145,0.000391098918596,2.62794749273,-7.56896271847e-06,1.08837287636e-09,0.686645507812
6.953125,89,9,1.13594037329,1.31109428949,96,2.9296875,0.0015132678606,1.21412359734e-06,4.42264183009e-08,2.65273431968,2.41368084834,0.000535671937304,3.93737474236,-9.6121110721e-07,1.40099618192e-09,0.91552734375
6.953125,89,10,1.31109428949,1.51325569224,176,5.37109375,0.00239358109797,1.76234515783e-06,7.75071585485e-08,4.86459549109,4.42725353266,0.00095505676302,8.39714587116,-2.54456100521e-06,2.71295995909e-09,1.67846679688
6.953125,89,11,1.51325569224,1.74658894365,240,7.32421875,0.0034503689168,2.52655451083e-06,1.10777153168e-07,6.63562180994,6.04076001618,0.00128028829095,13.1696617487,5.67555727759e-06,5.02233620062e-09,2.28881835938
6.953125,89,12,1.74658894365,2.01590052078,368,11.23046875,0.00518565841815,3.78435121904e-06,1.68942577164e-07,10.178638184,9.26947223644,0.00190072009673,23.1088352981,-1.72996831157e-05,6.24777663382e-09,3.50952148438
6.953125,89,13,2.01590052078,2.32673802527,648,19.775390625,0.00923170230139,6.92995406562e-06,2.91361204736e-07,17.9335062596,16.3401621016,0.00330427166851,47.2423663046,-1.24861575828e-05,1.10823003737e-08,6.17980957031
6.953125,89,14,2.32673802527,2.68550445938,872,26.611328125,0.0126141896519,9.54096259838e-06,3.95188372297e-07,24.1501796664,22.0189029493,0.00431686814067,73.3613963302,-1.26403305022e-05,1.4224982717e-08,8.31604003906
6.953125,89,15,2.68550445938,3.09959012276,1424,43.45703125,0.0202387021668,1.53971982922e-05,6.34894149233e-07,39.4741984247,36.0206200335,0.00675159687894,137.797113055,1.25060375334e-05,2.12339530279e-08,13.5803222656
6.953125,89,16,3.09959012276,3.5775248466,2240,68.359375,0.0304870301735,2.12165236322e-05,9.32572102355e-07,62.1710714166,56.7954852902,0.00997064504284,250.659445498,5.62898057704e-06,3.38380996117e-08,21.3623046875
6.953125,89,17,3.5775248466,4.12915370134,3296,100.5859375,0.0423800042332,2.78565133829e-05,1.2745633948e-06,91.6218678695,83.817520451,0.013467662721,425.037490818,-3.54053173008e-05,4.50102134888e-08,31.4331054688
6.953125,89,18,4.12915370134,4.76583979718,5264,160.64453125,0.0661155920857,4.25196183872e-05,1.91073553877e-06,146.614789211,134.365244261,0.0194392268523,782.508961028,-4.97618694384e-05,7.42902027267e-08,50.2014160156
6.953125,89,19,4.76583979718,5.50069835496,7952,242.67578125,0.0923034852128,5.59955027574e-05,2.59202961424e-06,222.021303119,203.923515084,0.0260004259396,1362.53353585,-0.000144135645065,1.05835776642e-07,75.8361816406
6.953125,89,20,5.50069835496,6.34886686921,12424,379.150390625,0.133401287443,7.44390099433e-05,3.65697352146e-06,347.908589599,320.415346656,0.0344904224147,2451.93552191,-0.000265526151232,1.70653506655e-07,118.48449707
6.953125,89,21,6.34886686921,7.3278169283,18760,572.509765625,0.184804967317,9.37439640905e-05,4.7701064697e-06,527.181237785,487.086515129,0.0424623041774,4259.6670554,-0.000525245366918,2.50784463047e-07,178.909301758
6.953125,89,22,7.3278169283,8.45771411511,28888,881.591796875,0.254854521715,0.000116383744829,6.08610094242e-06,815.076894996,755.893507037,0.0516386032714,7535.74447405,-0.000697071667769,4.05554527918e-07,275.497436523
6.953125,89,23,8.45771411511,9.76183340181,45040,1374.51171875,0.346961601066,0.000138738795139,7.38234960393e-06,1276.66173528,1189.00899432,0.0602037570985,13508.1450723,-0.000982527010657,4.97299265121e-07,429.534912109
6.953125,89,24,9.76183340181,11.2670385955,68232,2082.27539062,0.440496666405,0.000147475127203,8.44512785392e-06,1943.76662798,1818.77530647,0.0649877722792,23505.8152131,-0.00105741060879,6.12219943065e-07,650.71105957
6.953125,89,25,11.2670385955,13.004335711,105792,3228.515625,0.563206861213,0.000156840379708,9.31886147113e-06,3029.83554913,2849.13557552,0.0684544739081,41842.974821,-0.000518700560938,7.3395978628e-07,1008.91113281
6.953125,89,26,13.004335711,15.00951167,162464,4958.0078125,0.691085813613,0.000153700350413,9.41616415682e-06,4678.54346527,4422.29439481,0.0678682471001,73788.6662121,0.000252663069652,8.23854069877e-07,1549.37744141
6.953125,89,27,15.00951167,17.3238714824,249464,7613.03710938,0.825048393553,0.000144512968357,9.07685877526e-06,7223.51839786,6863.4274388,0.0642192376774,130076.838252,0.000706852839262,8.46467590544e-07,2379.07409668
6.953125,89,28,17.3238714824,19.9950890966,383656,11708.2519531,0.971728848546,0.000132153385613,8.84047140386e-06,11168.9308302,10666.3592251,0.0585533235304,229678.64463,0.00127940126152,7.81756572687e-07,3658.82873535
6.953125,89,29,19.9950890966,23.0781894444,476832,17991.9433594,1.0439317268,0.000103586714863,7.27883054288e-06,17251.2152288,16555.6749835,0.0513936459661,405340.69304,0.00144916857334,6.61202702894e-07,6851.11999512
6.953125,89,30,23.0781894444,26.6366819102,438480,27685.546875,0.99638388113,6.41632296744e-05,4.17328138953e-06,26673.0144437,25715.4388221,0.0437826007371,716508.248809,0.0012560327965,4.88590686023e-07,13760.3759766
6.953125,89,31,26.6366819102,30.7438685731,308032,42633.3007812,0.932814163708,3.54605830646e-05,1.74409019889e-06,41255.4425184,39943.7647341,0.0363625647111,1268125.99783,0.00161810713679,3.07359292975e-07,25191.8029785
6.953125,89,32,30.7438685731,35.484354171,280624,65321.0449219,0.947282587392,2.27079325997e-05,7.17238202031e-07,63462.9608371,61683.5275691,0.0294819740185,2233565.50123,0.000679502342554,2.03081159798e-07,40683.2122803
6.953125,89,33,35.484354171,40.9557888897,409624,100539.0625,1.01675981567,1.75272560531e-05,5.0647282379e-07,98030.230351,95614.6703531,0.0235491786435,3953345.34383,0.000634862494678,1.48960752258e-07,63217.7734375
6.953125,89,34,40.9557888897,47.2708798783,475872,154611.328125,0.974691915792,1.15149878693e-05,3.18174962487e-07,151236.24797,147971.048194,0.0185860559637,6994902.60204,0.000699671438563,1.03466615974e-07,124083.251953
6.953125,89,35,47.2708798783,54.5597129258,423168,238541.015625,0.870453806964,6.46638584729e-06,1.53023354336e-07,233996.087744,229580.435396,0.0145336720717,12423631.4264,5.48033666315e-05,6.5386368454e-08,245679.931641
6.953125,89,36,54.5597129258,62.9724321232,288496,365089.84375,0.781785088894,3.33134648704e-06,5.47139428756e-08,359027.328992,353115.229381,0.0111827884159,21891616.004,0.000723089577119,4.02415395672e-08,438649.902344
6.953125,89,37,62.9724321232,72.6823327115,295552,563796.875,0.735967641749,2.23558560267e-06,2.55852656508e-08,555648.266445,547675.757417,0.00863302909748,38936891.434,0.000435059081284,2.73881751987e-08,703544.921875
6.953125,89,38,72.6823327115,83.8894308234,431344,861171.875,0.665952369567,1.66071023854e-06,1.84697719317e-08,850347.540535,839726.762948,0.00656341738353,68503994.6954,0.000133555346531,2.0415066132e-08,1103183.59375
6.953125,89,39,83.8894308234,96.8245836552,473112,1328953.125,0.537800782601,9.72878733486e-07,1.06579461633e-08,1314436.94087,1300158.1193,0.00501014417506,121793029.352,-0.000111733985898,1.29724038554e-08,2239628.90625
6.953125,89,40,96.8245836552,111.754244939,403256,2045640.625,0.42256212992,4.49550571597e-07,4.71158732024e-09,2026239.65009,2007114.26387,0.00381240711906,216091291.5,0.00038144155214,7.96486898705e-09,4354238.28125
6.953125,89,41,111.754244939,128.985953673,275392,3139906.25,0.338937943985,1.89898236973e-07,1.74967986088e-09,3114059.60344,3088531.75834,0.00288310860327,382341422.907,0.000385713530707,4.84012419686e-09,7642070.3125
6.953125,89,42,128.985953673,148.874669183,311760,4827500,0.289434963325,1.17466997918e-07,9.79866844815e-10,4793019.04402,4758907.25257,0.00217867254632,677678123.753,0.000157415462107,3.51972082429e-09,12060937.5
6.953125,89,43,148.874669183,171.830082991,451392,7433625,0.246505460917,8.58225775674e-08,7.02505267016e-10,7387574.89721,7341952.53971,0.00164782674785,1203389753.74,4.3459098514e-05,2.54002181426e-09,19671562.5
6.953125,89,44,171.830082991,198.325058136,468384,11437125,0.191961776913,4.68710268627e-08,3.62808543995e-10,11375694.7466,11314759.3658,0.00123848064193,2135592034.43,4.20540502355e-05,1.60118854742e-09,40360312.5
6.953125,89,45,198.325058136,228.90536977,379880,17580125,0.144180398989,2.12528480832e-08,1.33710620884e-10,17498261.3544,17416969.5963,0.000934494154205,3786362246.25,4.94673354899e-05,9.64926438673e-10,77220312.5
6.953125,89,46,228.90536977,264.200947686,268048,26931250,0.109473538077,9.3579103623e-09,3.84226563969e-11,26822509.3353,26714427.4875,0.000705879824246,6689134182.1,4.29848616998e-05,6.07253152235e-10,132308125
6.953125,89,47,264.200947686,304.938852367,333528,41586000,0.0849299631031,6.62845378091e-09,2.38991675762e-11,41440445.0899,41295654.7694,0.000528756519812,11915042014.4,4.26583086526e-05,4.47021214132e-10,207892500
6.953125,89,48,304.938852367,351.958251843,465024,63777000,0.0641524871828,4.54173868697e-09,1.65656090539e-11,63583536.8214,63390954.5297,0.000397993493933,21082437636.4,9.97182037331e-07,3.2062918755e-10,351165000
6.953125,89,49,351.958251843,406.227707879,460920,98124000,0.0444983062442,2.25096323799e-09,8.89976501386e-12,97866013.774,97609045.8222,0.000299115956171,37420359042.4,6.09070901837e-06,1.97618684809e-10,722100000
6.953125,89,50,406.227707879,468.865127568,354464,150736000,0.0299143047245,7.76451521555e-10,3.70071164639e-12,150392507.722,150050190.651,0.000226513045652,66318086692.3,1.70899993289e-05,1.13597259416e-10,1361840000
6.953125,89,51,468.865127568,541.160791313,268144,232514000,0.0212808158479,2.40272023615e-10,1.77168084891e-12,232054878.539,231597118.375,0.000169484087002,118046284931,2.18000111877e-05,7.46892004898e-11,2299690000
6.953125,89,52,541.160791313,624.603931569,356616,356476000,0.0160125008577,1.57309822995e-10,1.21537093849e-12,355866059.52,355257686.243,0.000127186667531,208840486888,1.74293885856e-05,5.35655423171e-11,3564660000
6.953125,89,53,624.603931569,720.913409829,474288,549048000,0.0118819192487,1.05029041577e-10,8.03549727504e-13,548233993.01,547421798.456,9.5251546176e-05,371196249807,1.07478647714e-06,3.79779887337e-11,6344880000
6.953125,89,54,720.913409829,832.073123789,451608,845232000,0.00835951723501,4.35283618043e-11,3.28198525501e-13,844146315.68,843062725.847,7.19542615177e-05,659521618102,5.54647620974e-05,2.08696837914e-11,12950880000
6.953125,89,55,832.073123789,960.372874041,329960,1295288000,0.00593591817966,1.43660138705e-11,1.05550661147e-13,1293846237.54,1292406885.46,5.36260940436e-05,1.16623655654e+12,3.524786028e-06,1.15516706162e-11,23985200000
6.953125,89,56,960.372874041,1108.45553212,271920,1995432000,0.00275478859143,1.1934241591e-12,7.40107042836e-15,1993507286.87,1991585362.31,1.2567531775e-05,2.07316379753e+12,-0.00243134729343,1.898082848e-12,39651600000
6.953125,89,57,1108.45553212,1279.37148154,383128,3065024000,0.00152776794122,7.94781622794e-16,2.27106075451e-20,3062462307.97,3059903831.99,0,3.67487607401e+12,-0.00265571178244,2.40058036417e-15,61300480000
6.953125,89,58,1279.37148154,1476.64145321,477432,4721280000,0.00115920595462,3.02214263678e-16,7.67520342191e-21,4717861421.52,4714446561.44,0,6.53367863054e+12,-0.00201287998109,9.06520816167e-16,115038720000
6.953125,89,59,1476.64145321,1704.3290497,438456,7257408000,0.000851411563938,1.04797024885e-16,2.39727689122e-21,7252855229.96,7248306750.43,0,1.15918400984e+13,-0.00148089143719,3.1633624743e-16,230856960000
6.953125,89,60,1704.3290497,1967.12445214,307720,11126528000,0.000640782380038,3.85767750404e-17,5.98831132337e-22,11120479279.1,11114435498.1,0,2.05069345341e+13,-0.00111411510222,1.16464919385e-16,420582400000
6.953125,89,61,1967.12445214,2270.44103419,280984,17141184000,0.000485177820388,1.43282409184e-17,1.13941114297e-22,17133109120.3,17125039955.4,0,3.64569336223e+13,-0.000843280344461,4.32828537117e-17,683242240000
6.953125,89,62,2270.44103419,2620.52687319,409096,26321920000,0.000372903630758,5.78729697496e-18,2.25070859284e-22,26311176010.8,26300438610.1,0,6.46087479555e+13,-0.000647894875085,1.7383406963e-17,1.05926656e+12
6.953125,89,63,2620.52687319,3024.59345549,476304,40558080000,0.000280623604567,2.22060556415e-18,6.9354247421e-23,40543737600.3,40529402820.5,0,1.14906797378e+14,-0.000482523867416,6.60348426308e-18,2.08287744e+12
6.953125,89,64,3024.59345549,3490.96422731,422832,62123520000,0.000202973403622,6.99000264702e-19,2.77382277626e-23,62104483241.4,62085455247,0,2.03103407622e+14,-0.000340882287507,2.0930584648e-18,4.08778752e+12
6.953125,89,65,3490.96422731,4029.24605099,289264,96045568000,0.000153652496167,2.5842978709e-19,5.01226828609e-24,96020069259.9,95994580690.6,0,3.62437475933e+14,-0.000263739728246,7.76967314302e-19,7.38617344e+12
6.953125,89,66,4029.24605099,4650.52709861,294856,147428864000,0.000115662498066,9.47295733326e-20,2.24458939484e-25,147394959246,147361066207,0,6.42230654995e+14,-0.000200990011415,2.86026936162e-19,1.177409536e+13
6.953125,89,67,4650.52709861,5367.60525945,431368,225763328000,0.000100297457299,9.84655455532e-20,7.39193586885e-24,225718336099,225673357669,0,1.13487746168e+15,-0.00017344638391,2.93014550781e-19,1.850933248e+13
6.953125,89,68,5367.60525945,6195.25176616,473784,348721152000,7.37039000828e-05,2.66983543802e-20,1.50183398242e-24,348660939042,348600741705,0,2.02322009854e+15,-0.00010992854166,7.8371498379e-20,3.760226304e+13
6.953125,89,69,6195.25176616,7150.5154703,403280,536264704000,5.47365773269e-05,8.8454928035e-21,6.88048373477e-25,536184493188,536104300402,0,3.59167187046e+15,-7.06427698695e-05,2.62692666663e-20,7.30529792e+13
6.953125,89,70,7150.5154703,8253.07403491,274456,819015680000,3.79099477609e-05,2.16738741806e-21,8.70657478914e-26,818909507698,818803356075,0,6.32894375689e+15,-6.0213094762e-05,6.48602449981e-21,1.2755501056e+14
6.953125,89,71,8253.07403491,9525.63927853,312384,1.267539968e+12,2.7692421225e-05,6.34924599854e-22,1.30822792581e-27,1.26739758545e+12,1.26725522693e+12,0,1.13039739936e+16,-4.78792673572e-05,1.90936512538e-21,2.0266942464e+14
6.953125,89,72,9525.63927853,10994.4250204,450840,1.945042944e+12,3.90495320859e-05,8.09993732271e-21,2.49618056154e-25,1.94485367723e+12,1.94466443813e+12,0,2.00236353086e+16,-6.22170818663e-05,2.43033840954e-20,3.292004352e+14
6.953125,89,73,10994.4250204,12689.687064,467976,2.979987456e+12,2.52812034755e-05,1.36045656736e-21,4.00756563328e-26,2.97973616369e+12,2.97948490323e+12,0,3.53997809693e+16,-1.72269610771e-05,4.0888582496e-21,6.7120398336e+14
6.953125,89,74,12689.687064,14646.3464423,381128,4.631527424e+12,1.92893006059e-05,5.83568075646e-22,1.77081407666e-26,4.63118914756e+12,4.63085090825e+12,0,6.35242812994e+16,-7.13806861385e-06,1.75846493297e-21,1.30249392128e+15
6.953125,89,75,14646.3464423,16904.7087628,267808,7.04512e+12,9.94336443299e-06,4.89262114979e-23,1.39134965951e-27,7.04467420563e+12,7.04422845364e+12,0,1.11528687082e+17,-1.29798347037e-05,1.49241985206e-22,2.21488611328e+15
6.953125,89,76,16904.7087628,19511.2944707,333432,1.0898374656e+13,1.23962568338e-05,3.42075124314e-22,2.82315042028e-22,1.08977771001e+13,1.08971795933e+13,0,1.99111826785e+17,-1.31220132285e-05,5.60690587594e-22,3.48685074432e+15
6.953125,89,77,19511.2944707,22519.7971324,457872,1.5003549696e+13,0.500420733637,3.65336122603e-13,1.15830705025e-19,1.50028340609e+13,1.50021184771e+13,0,3.1508705683e+17,0.0805000128297,1.27407260765e-14,4.80113590272e+15
6.953125,89,78,22519.7971324,25992.1894802,415224,1.3606060032e+13,0.40237295751,1.41596688958e-13,4.04332266195e-20,1.36054954798e+13,1.36049309629e+13,0,3.28475752637e+17,0.0566220073522,3.97623855656e-15,4.35393921024e+15
6.953125,89,79,25992.1894802,30000,274384,8.991014912e+12,0.18654031036,2.306723216e-14,6.63492202419e-21,8.99069420413e+12,8.99037351348e+12,0,2.52949945156e+17,0.0250842344703,6.3830992494e-16,2.87712477184e+15
7.8125,100,0,0.3125,0.360685274596,8,0.244140625,0.000137368768326,1.39928184095e-07,3.07375574419e-09,0.220909055946,0.20087529179,4.8614452512e-05,0.0728412638403,2.18904049198e-07,1.95737886315e-11,0.0762939453125
7.8125,100,1,0.360685274596,0.416300375393,0,0,0,0,0,0,0,0,0,0,0,0
7.8125,100,2,0.416300375393,0.480490928682,0,0,0,0,0,0,0,0,0,0,0,0
7.8125,100,3,0.480490928682,0.554579208168,24,0.732421875,0.000298161107884,1.88725999762e-07,9.30736950139e-09,0.662794297734,0.60274293317,0.000131669846004,0.418400568941,-2.68311994583e-06,1.80887205206e-10,0.228881835938
7.8125,100,4,0.554579208168,0.640091372747,0,0,0,0,0,0,0,0,0,0,0,0
7.8125,100,5,0.640091372747,0.738788904146,24,0.732421875,0.00032999229722,2.10099862076e-07,8.11594764251e-09,0.662857587694,0.602852721427,0.000129895410658,0.549836004474,-3.50455839488e-06,2.11948897467e-10,0.228881835938
7.8125,100,6,0.738788904146,0.852704892033,32,0.9765625,0.000484658459694,3.70190313219e-07,1.08235276492e-08,0.883895724307,0.803952880359,0.000172392294281,0.873849569321,-1.0408312563e-06,3.28324674742e-10,0.30517578125
7.8125,100,7,0.852704892033,0.984185914023,48,1.46484375,0.000683994634283,4.77329665342e-07,1.51609366801e-08,1.3259677389,1.20614266214,0.000261786550177,1.49225026057,-4.72410694042e-06,4.22424533378e-10,0.457763671875
7.8125,100,8,0.984185914023,1.13594037329,72,2.197265625,0.00094873723522,6.46542673928e-07,2.55218594865e-08,1.98926427272,1.80975829159,0.000395182328648,2.62793991571,-2.14102555577e-06,7.22090367152e-10,0.686645507812
7.8125,100,9,1.13594037329,1.31109428949,96,2.9296875,0.00130252571409,8.776509956e-07,4.04022421446e-08,2.65274381316,2.41368996964,0.000535551675545,3.93736729036,-4.25744285632e-06,7.97378816324e-10,0.91552734375
7.8125,100,10,1.31109428949,1.51325569224,176,5.37109375,0.00239753923803,1.78904732229e-06,7.42169948529e-08,4.86460908271,4.42726263701,0.000960407823324,8.39713722157,-1.45261208558e-05,1.44806522807e-09,1.67846679688
7.8125,100,11,1.51325569224,1.74658894365,240,7.32421875,0.00374946392347,2.80774009505e-06,9.63207876372e-08,6.63562659087,6.0407752934,0.00128231499074,13.1696452742,-9.12047407215e-06,2.2134082317e-09,2.28881835938
7.8125,100,12,1.74658894365,2.01590052078,368,11.23046875,0.00549784068927,4.12963845751e-06,1.37180019659e-07,10.1786450621,9.26950187427,0.0018946440698,23.1087983184,-2.49771945963e-06,4.57636929786e-09,3.50952148438
7.8125,100,13,2.01590052078,2.32673802527,648,19.775390625,0.00940419970107,7.12140169477e-06,2.60006204426e-07,17.9335126248,16.3401942899,0.00329587598665,47.2423195752,-5.78966139597e-06,7.84610604103e-09,6.17980957031
7.8125,100,14,2.32673802527,2.68550445938,872,26.611328125,0.0127085238088,9.67840013741e-06,3.6711449209e-07,24.150175698,22.0189219649,0.00431932998252,73.3613641905,9.41233136274e-06,1.05773189938e-08,8.31604003906
7.8125,100,15,2.68550445938,3.09959012276,1424,43.45703125,0.0199410583132,1.42956073451e-05,5.84140482377e-07,39.4741902376,36.0206199032,0.00674894754296,137.797113089,2.46568828385e-06,1.91291426683e-08,13.5803222656
7.8125,100,16,3.09959012276,3.5775248466,2240,68.359375,0.0302809583002,2.131356549e-05,8.58881045105e-07,62.1710738787,56.79545814,0.00996954355916,250.659503691,2.29889688624e-05,2.35416751849e-08,21.3623046875
7.8125,100,17,3.5775248466,4.12915370134,3296,100.5859375,0.0415457724462,2.67746172093e-05,1.1657023708e-06,91.6218329204,83.8174714052,0.0134746907939,425.037617704,2.73151916495e-05,3.40279499163e-08,31.4331054688
7.8125,100,18,4.12915370134,4.76583979718,5264,160.64453125,0.064913237824,4.0691647531e-05,1.79966524481e-06,146.614798556,134.3651767,0.0194731336914,782.509152368,4.51127882162e-05,5.58065789807e-08,50.2014160156
7.8125,100,19,4.76583979718,5.50069835496,7952,242.67578125,0.0899721854541,5.20976056224e-05,2.46884980249e-06,222.021494586,203.923505882,0.0259732813882,1362.53357254,-8.01406046174e-05,8.81684088963e-08,75.8361816406
7.8125,100,20,5.50069835496,6.34886686921,12424,379.150390625,0.13068497413,7.07608311011e-05,3.45556592159e-06,347.908886232,320.415248782,0.034480171972,2451.93589504,-0.000122962998555,1.43898020201e-07,118.48449707
7.8125,100,21,6.34886686921,7.3278169283,18760,572.509765625,0.179980048556,8.87977471619e-05,4.49002720777e-06,527.181924245,487.086467768,0.0424616135344,4259.66726129,-0.000352305549456,2.07852963733e-07,178.909301758
7.8125,100,22,7.3278169283,8.45771411511,28888,881.591796875,0.249769252363,0.000111873428451,5.73823552398e-06,815.077945557,755.893266202,0.0516645075198,7535.74567461,-0.000636780700501,3.21304837451e-07,275.497436523
7.8125,100,23,8.45771411511,9.76183340181,45040,1374.51171875,0.338805145328,0.000132828429862,7.14764429477e-06,1276.66329942,1189.00859445,0.0602040108788,13508.1473523,-0.000881468241715,4.63748238272e-07,429.534912109
7.8125,100,24,9.76183340181,11.2670385955,68232,2082.27539062,0.433654070791,0.000142655949856,8.25025740836e-06,1943.76842833,1818.77479734,0.0649626895903,23505.8185095,-0.00117653387715,5.71805075613e-07,650.71105957
7.8125,100,25,11.2670385955,13.004335711,105792,3228.515625,0.551871308983,0.000150268072993,9.07340349743e-06,3029.83681192,2849.13488725,0.0684698368491,41842.9798767,-0.00106462033898,7.17954070134e-07,1008.91113281
7.8125,100,26,13.004335711,15.00951167,162464,4958.0078125,0.678011230797,0.000148212343785,9.36179256768e-06,4678.54360566,4422.29422946,0.0678725857495,73788.6675113,-0.000423951147803,8.21076378669e-07,1549.37744141
7.8125,100,27,15.00951167,17.3238714824,249464,7613.03710938,0.810393570186,0.000139272989731,9.15449411399e-06,7223.51716535,6863.42791082,0.0642175619972,130076.8338,0.000760296653949,8.67665810843e-07,2379.07409668
7.8125,100,28,17.3238714824,19.9950890966,383656,11708.2519531,0.956969739795,0.000128415587352,8.95086983944e-06,11168.928801,10666.3598645,0.0585475374356,229678.637732,0.0012413134393,8.30918564494e-07,3658.82873535
7.8125,100,29,19.9950890966,23.0781894444,476832,17991.9433594,1.0245351581,0.000100140219349,7.44109123693e-06,17251.2126941,16555.6756158,0.0513922753614,405340.685295,0.00157489403855,6.88517586038e-07,6851.11999512
7.8125,100,30,23.0781894444,26.6366819102,438480,27685.546875,0.969966933199,6.13130761684e-05,4.33198742687e-06,26673.0119832,25715.4396933,0.0437847474156,716508.236831,0.00162520788112,5.22454081836e-07,13760.3759766
7.8125,100,31,26.6366819102,30.7438685731,308032,42633.3007812,0.900303528329,3.34038481007e-05,1.80447871522e-06,41255.4396044,39943.7654858,0.0363583463947,1268125.98591,0.00183593396571,3.38298233461e-07,25191.8029785
7.8125,100,32,30.7438685731,35.484354171,280624,65321.0449219,0.908437352564,2.09439971387e-05,7.09584282294e-07,63462.9596359,61683.5280451,0.0294837286498,2233565.49283,0.000836054783741,2.12778096373e-07,40683.2122803
7.8125,100,33,35.484354171,40.9557888897,409624,100539.0625,0.977272499946,1.6142770066e-05,4.90589600183e-07,98030.2290878,95614.6707648,0.0235481578022,3953345.33538,0.000859230266466,1.55676364282e-07,63217.7734375
7.8125,100,34,40.9557888897,47.2708798783,475872,154611.328125,0.940323234498,1.06373590982e-05,3.08735875508e-07,151236.246844,147971.048552,0.0185882892389,6994902.5936,0.000636140786299,1.04865648494e-07,124083.251953
7.8125,100,35,47.2708798783,54.5597129258,423168,238541.015625,0.846453734286,6.02184764874e-06,1.4821623945e-07,233996.087588,229580.435453,0.0145309445172,12423631.4247,0.000137015916655,6.70352014673e-08,245679.931641
7.8125,100,36,54.5597129258,62.9724321232,288496,365089.84375,0.767525291285,3.15562951367e-06,5.28043170462e-08,359027.32775,353115.229776,0.0111840728467,21891615.9918,0.000765789774869,4.06397079931e-08,438649.902344
7.8125,100,37,62.9724321232,72.6823327115,295552,563796.875,0.725643357174,2.13187620323e-06,2.46054466568e-08,555648.265702,547675.75765,0.00863123783324,38936891.4257,0.000444529463758,2.74538740038e-08,703544.921875
7.8125,100,38,72.6823327115,83.8894308234,431344,861171.875,0.65952974313,1.59356277336e-06,1.76846359296e-08,850347.540287,839726.76303,0.00656383334528,68503994.6923,0.000165714339651,2.04126501442e-08,1103183.59375
7.8125,100,39,83.8894308234,96.8245836552,473112,1328953.125,0.534979351094,9.39196014755e-07,1.03297564838e-08,1314436.941,1300158.11927,0.00501023925128,121793029.354,-2.88535580724e-05,1.30711798754e-08,2239628.90625
7.8125,100,40,96.8245836552,111.754244939,403256,2045640.625,0.417041931901,4.42119027503e-07,4.65111676545e-09,2026239.64946,2007114.26407,0.00381239074383,216091291.489,0.000353596085225,7.9763195841e-09,4354238.28125
7.8125,100,41,111.754244939,128.985953673,275392,3139906.25,0.327252102481,1.94689776094e-07,1.78179334322e-09,3114059.60274,3088531.75857,0.00288333910884,382341422.893,0.000438559783297,4.88746224604e-09,7642070.3125
7.8125,100,42,128.985953673,148.874669183,311760,4827500,0.273563415294,1.224950068e-07,1.0150737869e-09,4793019.04373,4758907.25267,0.00217875378992,677678123.746,0.000182693019674,3.55480749257e-09,12060937.5
7.8125,100,43,148.874669183,171.830082991,451392,7433625,0.238043042556,8.96459918036e-08,7.26295901802e-10,7387574.89713,7341952.53973,0.00164779657279,1203389753.74,4.20697331755e-05,2.54938410898e-09,19671562.5
7.8125,100,44,171.830082991,198.325058136,468384,11437125,0.192576599594,4.86741205419e-08,3.75710689453e-10,11375694.7465,11314759.3658,0.00123845922036,2135592034.43,6.03703396752e-05,1.59254353266e-09,40360312.5
7.8125,100,45,198.325058136,228.90536977,379880,17580125,0.146928857125,2.1649243614e-08,1.37483617504e-10,17498261.3543,17416969.5963,0.000934463017335,3786362246.24,3.82162969004e-05,9.53952570023e-10,77220312.5
7.8125,100,46,228.90536977,264.200947686,268048,26931250,0.111843143619,9.15795624099e-09,3.8174241398e-11,26822509.3352,26714427.4875,0.000705876427958,6689134182.1,6.39999759303e-05,5.97470012123e-10,132308125
7.8125,100,47,264.200947686,304.938852367,333528,41586000,0.0869957456216,6.46492930506e-09,2.32575182035e-11,41440445.0898,41295654.7694,0.000528773279169,11915042014.4,4.61041916126e-05,4.37283201364e-10,207892500
7.8125,100,48,304.938852367,351.958251843,465024,63777000,0.065855871283,4.42365084638e-09,1.61972857889e-11,63583536.8214,63390954.5297,0.000397991796727,21082437636.4,-1.15139401314e-05,3.13350585251e-10,351165000
7.8125,100,49,351.958251843,406.227707879,460920,98124000,0.0458698956656,2.20715288256e-09,8.76272271277e-12,97866013.774,97609045.8222,0.000299106717126,37420359042.4,2.17156457262e-05,1.91915590409e-10,722100000
7.8125,100,50,406.227707879,468.865127568,354464,150736000,0.0310253446076,7.76295466779e-10,3.71706932945e-12,150392507.721,150050190.651,0.000226516584392,66318086692.3,5.67627830589e-06,1.08945850812e-10,1361840000
7.8125,100,51,468.865127568,541.160791313,268144,232514000,0.0221989048661,2.54147825829e-10,1.81384340094e-12,232054878.539,231597118.375,0.000169482239685,118046284931,2.48318738889e-05,7.14262830111e-11,2299690000
7.8125,100,52,541.160791313,624.603931569,356616,356476000,0.016724439883,1.67613908488e-10,1.25249127812e-12,355866059.52,355257686.243,0.000127187594222,208840486888,2.1684018253e-05,5.11704926098e-11,3564660000
7.8125,100,53,624.603931569,720.913409829,474288,549048000,0.0123858960069,1.12220086603e-10,8.27049008503e-13,548233993.009,547421798.456,9.52516467323e-05,371196249807,1.35104421853e-05,3.680764265e-11,6344880000
7.8125,100,54,720.913409829,832.073123789,451608,845232000,0.00862234121912,4.64633404137e-11,3.40910357037e-13,844146315.68,843062725.847,7.19541070787e-05,659521618102,6.54290065746e-05,2.11118571174e-11,12950880000
7.8125,100,55,832.073123789,960.372874041,329960,1295288000,0.0060690070004,1.52266835463e-11,1.12689454214e-13,1293846237.54,1292406885.46,5.36260968262e-05,1.16623655654e+12,4.75568778145e-06,1.23997463842e-11,23985200000
7.8125,100,56,960.372874041,1108.45553212,271920,1995432000,0.00277812094145,1.24456375001e-12,8.6235009288e-15,1993507286.88,1991585362.31,1.25675231682e-05,2.07316379753e+12,-0.00273093104082,2.14433945554e-12,39651600000
7.8125,100,57,1108.45553212,1279.37148154,383128,3065024000,0.0015277112414,7.94749207273e-16,2.85843601726e-20,3062462307.97,3059903831.99,0,3.67487607402e+12,-0.00298417655287,3.0309306507e-15,61300480000
7.8125,100,58,1279.37148154,1476.64145321,477432,4721280000,0.00115926335556,3.0237028359e-16,9.4554202096e-21,4717861421.53,4714446561.44,0,6.53367863054e+12,-0.00226135674096,1.1433150606e-15,115038720000
7.8125,100,59,1476.64145321,1704.3290497,438456,7257408000,0.000851350781594,1.04800933517e-16,2.98282085737e-21,7252855229.96,7248306750.43,0,1.15918400984e+13,-0.00166420900947,3.99384845125e-16,230856960000
7.8125,100,60,1704.3290497,1967.12445214,307720,11126528000,0.000640758363652,3.85778427165e-17,7.45159105403e-22,11120479279.1,11114435498.1,0,2.05069345341e+13,-0.00125194047675,1.47038018598e-16,420582400000
7.8125,100,61,1967.12445214,2270.44103419,280984,17141184000,0.000485170052359,1.4327863531e-17,1.43695845097e-22,17133109120.3,17125039955.4,0,3.64569336223e+13,-0.000947528382591,5.46455446464e-17,683242240000
7.8125,100,62,2270.44103419,2620.52687319,409096,26321920000,0.000372912610936,5.789176273e-18,2.82055383134e-22,26311176010.8,26300438610.1,0,6.46087479555e+13,-0.000727933823732,2.19208588516e-17,1.05926656e+12
7.8125,100,63,2620.52687319,3024.59345549,476304,40558080000,0.000280674031219,2.22273340106e-18,8.498547409e-23,40543737600.3,40529402820.5,0,1.14906797378e+14,-0.000542118991716,8.31271474457e-18,2.08287744e+12
7.8125,100,64,3024.59345549,3490.96422731,422832,62123520000,0.000203023841506,6.99343839646e-19,3.45088509033e-23,62104483241.4,62085455247,0,2.03103407622e+14,-0.000383086678106,2.63826829226e-18,4.08778752e+12
7.8125,100,65,3490.96422731,4029.24605099,289264,96045568000,0.000153670121244,2.58497792427e-19,6.21948955864e-24,96020069259.9,95994580690.6,0,3.62437475933e+14,-0.00029636144582,9.80134590586e-19,7.38617344e+12
7.8125,100,66,4029.24605099,4650.52709861,294856,147428864000,0.000115666681345,9.47346387911e-20,2.8299797208e-25,147394959246,147361066207,0,6.42230654995e+14,-0.000225833170065,3.61098040995e-19,1.177409536e+13
7.8125,100,67,4650.52709861,5367.60525945,431368,225763328000,0.000100298513139,9.85116438636e-20,9.30089408762e-24,225718336099,225673357669,0,1.13487746168e+15,-0.00019485518608,3.68564462408e-19,1.850933248e+13
7.8125,100,68,5367.60525945,6195.25176616,473784,348721152000,7.37158167908e-05,2.67314015901e-20,1.87664330305e-24,348660939042,348600741705,0,2.02322009854e+15,-0.000123515966486,9.83414000108e-20,3.760226304e+13
7.8125,100,69,6195.25176616,7150.5154703,403280,536264704000,5.47372600424e-05,8.84718135754e-21,8.64727309626e-25,536184493188,536104300402,0,3.59167187046e+15,-7.93924394971e-05,3.30249797011e-20,7.30529792e+13
7.8125,100,70,7150.5154703,8253.07403491,274456,819015680000,3.79103389377e-05,2.16744046037e-21,1.09582693353e-25,818909507698,818803356075,0,6.32894375689e+15,-6.76594990877e-05,8.17698690203e-21,1.2755501056e+14
7.8125,100,71,8253.07403491,9525.63927853,312384,1.267539968e+12,2.76860820274e-05,6.35209891747e-22,1.7398977052e-27,1.26739758545e+12,1.26725522693e+12,0,1.13039739936e+16,-5.37987749366e-05,2.4126969715e-21,2.0266942464e+14
7.8125,100,72,9525.63927853,10994.4250204,450840,1.945042944e+12,3.90574268695e-05,8.10059953749e-21,3.14867399664e-25,1.94485367723e+12,1.94466443813e+12,0,2.00236353086e+16,-6.98877099017e-05,3.06280533658e-20,3.292004352e+14
7.8125,100,73,10994.4250204,12689.687064,467976,2.979987456e+12,2.52879845754e-05,1.36084606802e-21,5.0622717074e-26,2.97973616369e+12,2.97948490323e+12,0,3.53997809693e+16,-1.93616581867e-05,5.15634625462e-21,6.7120398336e+14
7.8125,100,74,12689.687064,14646.3464423,381128,4.631527424e+12,1.93043173741e-05,5.83860022647e-22,2.24161810929e-26,4.63118914756e+12,4.63085090825e+12,0,6.35242812994e+16,-8.01845552248e-06,2.22152478985e-21,1.30249392128e+15
7.8125,100,75,14646.3464423,16904.7087628,267808,7.04512e+12,9.96587722971e-06,4.92134642601e-23,1.77726529077e-27,7.04467420563e+12,7.04422845364e+12,0,1.11528687082e+17,-1.45851440583e-05,1.89634560158e-22,2.21488611328e+15
7.8125,100,76,16904.7087628,19511.2944707,333432,1.0898374656e+13,1.3120857588e-05,4.27601337669e-22,3.55754226212e-22,1.08977771001e+13,1.08971795933e+13,0,1.99111826785e+17,-1.50450259996e-05,9.02481266238e-22,3.48685074432e+15
7.8125,100,77,19511.2944707,22519.7971324,457872,1.5003549696e+13,0.500393676842,3.65330043682e-13,1.45834948143e-19,1.50028340609e+13,1.50021184771e+13,0,3.1508705683e+17,0.0905936123651,1.60735527955e-14,4.80113590272e+15
7.8125,100,78,22519.7971324,25992.1894802,415224,1.3606060032e+13,0.402354598237,1.41594606904e-13,5.09082527717e-20,1.36054954798e+13,1.36049309629e+13,0,3.28475752637e+17,0.0637246106348,5.01642847141e-15,4.35393921024e+15
7.8125,100,79,25992.1894802,30000,274384,8.991014912e+12,0.18653247109,2.30669141632e-14,8.35588025301e-21,8.99069420413e+12,8.99037351348e+12,0,2.52949945156e+17,0.028226217883,8.05290828701e-16,2.87712477184e+15
