# Plummer cluster Lagrangian cohort ledger.  Cohort = contiguous band of the stratified radial quantile, cohort = floor((tag/2)*ncohort/N_pair); because the stratum index equals the pair index and the quantile is monotone in it, cohort is an exact equal-rest-mass initial radial band.
time,cycle,cohort,count,mass,m_r,m_r2,m_vr,m_vr2,m_vt2,m_alphaW
0,0,0,66048,0.0316667904572,0.0848504436898,0.243636116296,6.08804930839e-22,0.000358929473026,0.000732084093278,0.0295050350131
0,0,1,66048,0.0316667904572,0.133200200683,0.563349084092,-6.2203982064e-22,0.000354726250795,0.000707323236711,0.0295804222806
0,0,2,66048,0.0316667904572,0.162907248049,0.839880649211,-7.94093388051e-23,0.000345701790049,0.000695060105712,0.0296416039894
0,0,3,66048,0.0316667904572,0.187248662066,1.1085770286,-3.1763735522e-22,0.000336153679136,0.000678080647771,0.0296915466965
0,0,4,66048,0.0316667904572,0.208915024832,1.37940709055,-2.64697796017e-23,0.000335247498596,0.00066810345009,0.0297484664521
0,0,5,66048,0.0316667904572,0.229054780583,1.65782871497,5.29395592034e-23,0.000329692752073,0.000646394639806,0.0297912189273
0,0,6,66048,0.0316667904572,0.248295849337,1.94780383257,-2.11758236814e-22,0.00032287964354,0.000645507220046,0.0298459333785
0,0,7,66048,0.0316667904572,0.267037684282,2.25276767431,0,0.000314377634593,0.000634038760936,0.029891147643
0,0,8,66048,0.0316667904572,0.285564714879,2.57606493569,1.85288457212e-22,0.00030818797304,0.000614763529218,0.0299319487369
0,0,9,66048,0.0316667904572,0.304099356491,2.92120698454,-3.70576914424e-22,0.00030196597809,0.000601989262507,0.0299768948944
0,0,10,66048,0.0316667904572,0.3228304214,3.29206714508,-1.5881867761e-22,0.000297949888073,0.000585815095738,0.030020851736
0,0,11,66048,0.0316667904572,0.341930337938,3.69306506613,-2.64697796017e-23,0.000291661485183,0.000576682259147,0.0300682677284
0,0,12,66048,0.0316667904572,0.361566936621,4.12936847303,-2.64697796017e-23,0.000282373372165,0.000564863845074,0.0301123898493
0,0,13,66048,0.0316667904572,0.381912781378,4.60713820914,-1.32348898008e-22,0.000276509171751,0.000550696901401,0.0301576459838
0,0,14,66048,0.0316667904572,0.403153629217,5.13384134614,2.64697796017e-23,0.000267298566621,0.000540620405972,0.0302042390753
0,0,15,66048,0.0316667904572,0.425497258894,5.71866854539,7.94093388051e-23,0.000262954257293,0.000521433945442,0.0302490247133
0,0,16,66048,0.0316667904572,0.449183736241,6.37310630673,1.05879118407e-22,0.000258118834264,0.000512016699207,0.0303009261078
0,0,17,66048,0.0316667904572,0.474498282215,7.11173959242,-9.26442286059e-23,0.000247639041892,0.000493618081534,0.0303448495312
0,0,18,66048,0.0316667904572,0.501788465345,7.95340826733,1.72053567411e-22,0.000242047521781,0.000478245568031,0.0303955133764
0,0,19,66048,0.0316667904572,0.531488112214,8.92291416738,2.11758236814e-22,0.000234531247432,0.000463317664575,0.030447129445
0,0,20,66048,0.0316667904572,0.564151946515,10.0536176515,1.5881867761e-22,0.000224105436804,0.000446645830003,0.0304981225056
0,0,21,66048,0.0316667904572,0.600507565064,11.3915169033,1.05879118407e-22,0.00021624954753,0.000429971516547,0.0305531996235
0,0,22,66048,0.0316667904572,0.641536449694,13.0019048444,-2.64697796017e-23,0.000206634787359,0.000409989499221,0.0306083784908
0,0,23,66048,0.0316667904572,0.688605852653,14.9807362179,7.94093388051e-23,0.000195893864952,0.000392480829379,0.0306679108658
0,0,24,66048,0.0316667904572,0.743694670035,17.4751260907,-2.64697796017e-23,0.000184407934494,0.000370424496641,0.0307287208829
0,0,25,66048,0.0316667904572,0.809804872766,20.7228877128,-3.0440246542e-22,0.000174572145377,0.000349071430156,0.0307963350061
0,0,26,66048,0.0316667904572,0.891771696016,25.1356106955,1.32348898008e-22,0.000159722552256,0.000321213619926,0.0308640218801
0,0,27,66048,0.0316667904572,0.99803173876,31.4941706505,1.85288457212e-22,0.000146268001387,0.000294684745014,0.0309421510041
0,0,28,66048,0.0316667904572,1.14507166117,41.4876572707,-2.11758236814e-22,0.000131060111981,0.000262305590731,0.031028149064
0,0,29,66048,0.0316667904572,1.37131597003,59.6054646434,1.25731453108e-22,0.000111729901445,0.000223746686295,0.0311265903813
0,0,30,66048,0.0316667904572,1.80087771475,103.474529807,1.72053567411e-22,8.7323442969e-05,0.000177315452427,0.0312495473894
0,0,31,66048,0.0316667904572,4.08401799686,808.391312907,3.24254800121e-22,4.93403351055e-05,9.9093041273e-05,0.0314365697184
2.34375,30,0,66048,0.0316667904572,0.0857272868046,0.249984934527,0.000687043138755,0.000365000038346,0.000723475411759,0.0295051040357
2.34375,30,1,66048,0.0316667904572,0.133543849744,0.568485681268,0.000277285261964,0.000353369834943,0.000706922645362,0.0295804652515
2.34375,30,2,66048,0.0316667904572,0.163111983149,0.844164483124,0.000169122703631,0.000344192649515,0.000695303232427,0.0296415796607
2.34375,30,3,66048,0.0316667904572,0.18737011914,1.11211171076,0.000103387920742,0.000334758334674,0.000678599254892,0.029691488073
2.34375,30,4,66048,0.0316667904572,0.208983104398,1.38237981367,6.09331306459e-05,0.000334021409383,0.0006687383552,0.0297483924489
2.34375,30,5,66048,0.0316667904572,0.22907916559,1.6602043995,2.56025670032e-05,0.000328685481144,0.000647066880751,0.029791125747
2.34375,30,6,66048,0.0316667904572,0.248295094567,1.94975584551,4.89097983763e-06,0.000322069029003,0.000646156235929,0.0298458153147
2.34375,30,7,66048,0.0316667904572,0.267013922276,2.25426507535,-1.4340947656e-05,0.000313771576794,0.000634642030005,0.029891007743
2.34375,30,8,66048,0.0316667904572,0.285520460406,2.57711416618,-3.16081058999e-05,0.000307749418539,0.0006153395592,0.0299318147517
2.34375,30,9,66048,0.0316667904572,0.304040819479,2.92188079048,-4.38848018455e-05,0.000301672599946,0.000602524123758,0.0299767455783
2.34375,30,10,66048,0.0316667904572,0.322759844911,3.29239091998,-5.43282665319e-05,0.000297769580348,0.000586317579264,0.0300207044391
2.34375,30,11,66048,0.0316667904572,0.341852343634,3.69309554132,-6.10577997116e-05,0.000291581706077,0.000577139097216,0.0300681374835
2.34375,30,12,66048,0.0316667904572,0.361482843985,4.12909882267,-6.67377178282e-05,0.000282382429738,0.000565271912539,0.0301122488927
2.34375,30,13,66048,0.0316667904572,0.38182389016,4.60660182838,-7.12982688001e-05,0.000276580683365,0.000551067458894,0.0301574974258
2.34375,30,14,66048,0.0316667904572,0.40306248829,5.13306695099,-7.37753934238e-05,0.000267423148509,0.000540947466765,0.0302040994347
2.34375,30,15,66048,0.0316667904572,0.425403320093,5.71765770123,-7.65976074288e-05,0.000263120797472,0.000521727443147,0.0302488849457
2.34375,30,16,66048,0.0316667904572,0.449090380789,6.37193687835,-7.65800553439e-05,0.000258307671718,0.000512275121119,0.0303007859001
2.34375,30,17,66048,0.0316667904572,0.474404790411,7.11035082535,-7.72047516098e-05,0.000247846200225,0.000493842025597,0.0303447028404
2.34375,30,18,66048,0.0316667904572,0.501696615378,7.95187269353,-7.62546541609e-05,0.000242261767745,0.000478440446266,0.0303953732173
2.34375,30,19,66048,0.0316667904572,0.531398991007,8.92124971921,-7.43856198518e-05,0.000234742095147,0.000463483360989,0.0304469893203
2.34375,30,20,66048,0.0316667904572,0.564066139785,10.0518242512,-7.20033823389e-05,0.000224310897392,0.000446779424508,0.0304979808601
2.34375,30,21,66048,0.0316667904572,0.600425993401,11.3896385095,-6.87660543105e-05,0.000216439712969,0.000430081820996,0.0305530538824
2.34375,30,22,66048,0.0316667904572,0.641459496787,12.9999445479,-6.51949145405e-05,0.000206808435428,0.000410075423955,0.0306082395263
2.34375,30,23,66048,0.0316667904572,0.688534594245,14.978731852,-6.05969556519e-05,0.000196046163,0.000392547933306,0.0306677779769
2.34375,30,24,66048,0.0316667904572,0.743629268563,17.4730826491,-5.57565391877e-05,0.000184538183606,0.000370477353538,0.0307286019173
2.34375,30,25,66048,0.0316667904572,0.809746271499,20.7208623499,-5.00670223892e-05,0.000174680153525,0.000349111899508,0.0307962325006
2.34375,30,26,66048,0.0316667904572,0.891719984441,25.1335859363,-4.42306692537e-05,0.000159808067402,0.000321243700335,0.0308639345189
2.34375,30,27,66048,0.0316667904572,0.997988019097,31.4922279043,-3.74568090937e-05,0.000146330408233,0.000294705725167,0.030942074524
2.34375,30,28,66048,0.0316667904572,1.1450364769,41.485844394,-3.0286632868e-05,0.000131100418794,0.000262316780679,0.0310280736973
2.34375,30,29,66048,0.0316667904572,1.37128995261,59.6038412919,-2.25350037471e-05,0.000111751696479,0.000223750586804,0.0311265220083
2.34375,30,30,66048,0.0316667904572,1.80086143481,103.473191269,-1.40369728858e-05,8.73322886535e-05,0.000177317159711,0.031249501686
2.34375,30,31,66048,0.0316667904572,4.08401210448,808.390476534,-4.93867346676e-06,4.93416690666e-05,9.9093152996e-05,0.0314365420569
4.6875,60,0,66048,0.0316667904572,0.0883375639374,0.268956988056,0.00135600331079,0.000384790465768,0.000696254181808,0.0295055127761
4.6875,60,1,66048,0.0316667904572,0.134579287395,0.583851022162,0.000558339989094,0.000349488678995,0.00070566683396,0.0295807126643
4.6875,60,2,66048,0.0316667904572,0.163729478596,0.856986903677,0.000341151338595,0.000339772303754,0.000696059320003,0.0296417912798
4.6875,60,3,66048,0.0316667904572,0.18773691579,1.12269510575,0.000209172909695,0.000330626205843,0.000680223622906,0.0296916474317
4.6875,60,4,66048,0.0316667904572,0.209189393863,1.39128556821,0.000123916568368,0.000330391295206,0.000670727607859,0.0297485563588
4.6875,60,5,66048,0.0316667904572,0.229153844942,1.6673231288,5.2953037677e-05,0.000325699720561,0.000649177898986,0.029791259419
4.6875,60,6,66048,0.0316667904572,0.248293942661,1.95560572028,1.12611743442e-05,0.000319673739815,0.000648203492624,0.0298459166909
4.6875,60,7,66048,0.0316667904572,0.266943251647,2.25875035327,-2.74520169878e-05,0.000311987411342,0.000636552017325,0.0298910789584
4.6875,60,8,66048,0.0316667904572,0.285387939728,2.58025381332,-6.21954281426e-05,0.000306457262506,0.000617173634496,0.0299318600669
4.6875,60,9,66048,0.0316667904572,0.303865139888,2.92389241378,-8.6920588503e-05,0.000300820250617,0.00060422653011,0.0299767731352
4.6875,60,10,66048,0.0316667904572,0.322547820003,3.29335083949,-0.000107961816073,0.000297262143902,0.000587923315477,0.0300207264334
4.6875,60,11,66048,0.0316667904572,0.341617801831,3.69317206337,-0.000121542316667,0.000291374987565,0.000578606757981,0.0300681476088
4.6875,60,12,66048,0.0316667904572,0.361229809995,4.12827186372,-0.000133010196003,0.000282445951149,0.00056659252251,0.0301122495451
4.6875,60,13,66048,0.0316667904572,0.381556274627,4.60497075195,-0.000142224413292,0.000276832875592,0.000552277632045,0.030157483926
4.6875,60,14,66048,0.0316667904572,0.402787881592,5.13071560246,-0.00014726162086,0.00026783559835,0.000542024821126,0.0302040877334
4.6875,60,15,66048,0.0316667904572,0.425120217092,5.7145935726,-0.000152980187301,0.000263661701349,0.000522701101611,0.030248874297
4.6875,60,16,66048,0.0316667904572,0.448808990913,6.36839452587,-0.000152988473013,0.000258915007597,0.000513143862315,0.0303007733701
4.6875,60,17,66048,0.0316667904572,0.474122787824,7.1061425942,-0.00015428882659,0.00024851116125,0.000494607602119,0.0303446859322
4.6875,60,18,66048,0.0316667904572,0.501419415145,7.9472177036,-0.000152419345058,0.000242947389646,0.000479115069196,0.0303953626378
4.6875,60,19,66048,0.0316667904572,0.531129777314,8.91619823895,-0.000148712376601,0.000235419336298,0.000464072585963,0.0304469770498
4.6875,60,20,66048,0.0316667904572,0.563806695479,10.0463757994,-0.000143967418602,0.000224972216611,0.000447274862995,0.0304979776711
4.6875,60,21,66048,0.0316667904572,0.60017912266,11.3839251425,-0.000137513103794,0.000217055402305,0.000430504489504,0.0305530476636
4.6875,60,22,66048,0.0316667904572,0.641226248778,12.9939701566,-0.000130381393351,0.000207374252122,0.000410423937573,0.030608234981
4.6875,60,23,66048,0.0316667904572,0.688318514946,14.9726214892,-0.000121192893228,0.000196544208515,0.000392831072904,0.030667777867
4.6875,60,24,66048,0.0316667904572,0.743431020056,17.4668588392,-0.000111516165274,0.000184962809171,0.000370703081821,0.0307286037819
4.6875,60,25,66048,0.0316667904572,0.809568657878,20.7146958535,-0.000100139332103,0.000175029263972,0.000349284201453,0.030796233187
4.6875,60,26,66048,0.0316667904572,0.891563467957,25.1274356439,-8.84686259004e-05,0.000160082034354,0.0003213683798,0.0308639397807
4.6875,60,27,66048,0.0316667904572,0.997855726039,31.4863293339,-7.49178548221e-05,0.000146528528341,0.000294790841231,0.0309420789228
4.6875,60,28,66048,0.0316667904572,1.14492970567,41.4803182426,-6.05777237638e-05,0.000131230371366,0.000262368280108,0.0310280780339
4.6875,60,29,66048,0.0316667904572,1.37121065795,59.5988647369,-4.50718166926e-05,0.000111823704078,0.000223775645871,0.0311265265224
4.6875,60,30,66048,0.0316667904572,1.80081212781,103.469125767,-2.80746374599e-05,8.73609039267e-05,0.000177326477141,0.0312495019623
4.6875,60,31,66048,0.0316667904572,4.08399486809,808.388102724,-9.87747457774e-06,4.93460449027e-05,9.90942452753e-05,0.0314365422628
6.953125,89,0,66048,0.0316667904572,0.0924289073182,0.299093788879,0.00195883678266,0.000415604752379,0.000653684466722,0.0295056614729
6.953125,89,1,66048,0.0316667904572,0.136251981368,0.608313719495,0.000837186180373,0.000343799859109,0.000703192145535,0.0295808367741
6.953125,89,2,66048,0.0316667904572,0.164729747797,0.877433926771,0.000512830672749,0.000332908809488,0.000697088841778,0.0296419249027
6.953125,89,3,66048,0.0316667904572,0.188333852548,1.13959455053,0.00031593146758,0.000324088106366,0.000682751325402,0.0296917944924
6.953125,89,4,66048,0.0316667904572,0.20952797208,1.40552520279,0.000188632520228,0.000324598176102,0.000673882304073,0.0297486920035
6.953125,89,5,66048,0.0316667904572,0.22928053061,1.67872362758,8.26520135947e-05,0.000320895230523,0.000652569001422,0.0297913917386
6.953125,89,6,66048,0.0316667904572,0.248298066496,1.96498668651,2.01808572565e-05,0.000315803204754,0.000651501329541,0.0298460488519
6.953125,89,7,66048,0.0316667904572,0.266834920684,2.26595409765,-3.78468946621e-05,0.000309092964103,0.000639632629846,0.0298911912014
6.953125,89,8,66048,0.0316667904572,0.285179686887,2.5853079806,-8.98374110712e-05,0.000304339691223,0.000620141135675,0.0299319566726
6.953125,89,9,66048,0.0316667904572,0.303587120821,2.92714519332,-0.000126905350492,0.000299414153954,0.000606979660926,0.0299768671281
6.953125,89,10,66048,0.0316667904572,0.322211075535,3.29492252575,-0.000158456954274,0.000296411114822,0.000590521781608,0.0300207990221
6.953125,89,11,66048,0.0316667904572,0.341244549077,3.69333082449,-0.000178883244953,0.000291009809138,0.000580983128619,0.0300682049784
6.953125,89,12,66048,0.0316667904572,0.360826471386,4.12698275473,-0.000196170891453,0.000282517179789,0.000568730613196,0.0301122925868
6.953125,89,13,66048,0.0316667904572,0.381129190923,4.60239173597,-0.000210049090419,0.000277214177525,0.000554237770737,0.0301575074852
6.953125,89,14,66048,0.0316667904572,0.402349269468,5.12698070693,-0.000217727667939,0.000268478433045,0.000543770243883,0.0302040926861
6.953125,89,15,66048,0.0316667904572,0.424667793733,5.70971655562,-0.000226372399637,0.000264513025488,0.000524277337403,0.0302488647352
6.953125,89,16,66048,0.0316667904572,0.448359092093,6.36274852729,-0.000226524203114,0.000259877805108,0.000514550561743,0.0303007595739
6.953125,89,17,66048,0.0316667904572,0.473671729075,7.09942762624,-0.0002285562002,0.00024957079974,0.000495848419345,0.0303446754693
6.953125,89,18,66048,0.0316667904572,0.500975936461,7.93978537355,-0.000225871726315,0.000244042931433,0.000480209617125,0.0303953458534
6.953125,89,19,66048,0.0316667904572,0.530698981428,8.90812825917,-0.000220436895251,0.000236503324321,0.000465026651775,0.0304469588397
6.953125,89,20,66048,0.0316667904572,0.563391425974,10.037666472,-0.000213458741209,0.00022603234772,0.000448080816397,0.0304979634985
6.953125,89,21,66048,0.0316667904572,0.599783943174,11.374789604,-0.000203926459936,0.00021804398523,0.000431193439534,0.0305530379892
6.953125,89,22,66048,0.0316667904572,0.64085283639,12.9844142826,-0.000193374851529,0.000208284234506,0.000410993821101,0.0306082177577
6.953125,89,23,66048,0.0316667904572,0.687972545003,14.9628448961,-0.000179762288324,0.000197345689129,0.000393295555687,0.030667767178
6.953125,89,24,66048,0.0316667904572,0.743113571452,17.456898058,-0.000165422692121,0.000185647250509,0.000371074133677,0.0307285943125
6.953125,89,25,66048,0.0316667904572,0.809284325522,20.704829338,-0.000148549701452,0.00017559240644,0.000349569482651,0.0307962313284
6.953125,89,26,66048,0.0316667904572,0.891312879844,25.1175921609,-0.000131242103508,0.000160524650891,0.000321576239832,0.0308639377821
6.953125,89,27,66048,0.0316667904572,0.997643952361,31.4768896024,-0.000111139346391,0.000146849526828,0.000294934736448,0.0309420802278
6.953125,89,28,66048,0.0316667904572,1.14475877355,41.471472518,-8.98649754127e-05,0.000131442130501,0.000262458294456,0.0310280788382
6.953125,89,29,66048,0.0316667904572,1.37108367216,59.5908943855,-6.68616735844e-05,0.000111942183971,0.000223822171642,0.0311265280297
6.953125,89,30,66048,0.0316667904572,1.80073312676,103.462609539,-4.16454450882e-05,8.740790731e-05,0.000177343824013,0.0312495037824
6.953125,89,31,66048,0.0316667904572,4.08396712852,808.384281794,-1.46518066514e-05,4.93532298231e-05,9.90963602747e-05,0.031436542383
7.8125,100,0,66048,0.0316667904572,0.0943584030882,0.313495936601,0.0021735155339,0.000429868404287,0.000633829540685,0.0295056788514
7.8125,100,1,66048,0.0316667904572,0.137063775772,0.620027803644,0.000945623077142,0.000341327275469,0.000701757766614,0.0295808406963
7.8125,100,2,66048,0.0316667904572,0.165216333175,0.887239180545,0.000579900359087,0.000329700382867,0.000697496882425,0.0296419355964
7.8125,100,3,66048,0.0316667904572,0.188625478644,1.14770895578,0.000358042075054,0.000320979746321,0.000683929663172,0.0296918215925
7.8125,100,4,66048,0.0316667904572,0.209694626359,1.41237082166,0.000214564449416,0.00032181736517,0.000675384960665,0.029748719649
7.8125,100,5,66048,0.0316667904572,0.229344638599,1.68421183455,9.50847145726e-05,0.00031857178702,0.000654201252354,0.0297914275497
7.8125,100,6,66048,0.0316667904572,0.248302670238,1.96950803073,2.45402283801e-05,0.000313922615433,0.000653093982043,0.0298460825851
7.8125,100,7,66048,0.0316667904572,0.266784914192,2.26943128582,-4.09796340699e-05,0.000307681403455,0.000641122077918,0.029891229104
7.8125,100,8,66048,0.0316667904572,0.285081240117,2.58775361513,-9.96350852749e-05,0.000303301014515,0.000621577579515,0.0299319962322
7.8125,100,9,66048,0.0316667904572,0.30345478583,2.92872563318,-0.000141497311205,0.000298719221459,0.0006083131306,0.029976904729
7.8125,100,10,66048,0.0316667904572,0.322050220937,3.29569477051,-0.000177127048797,0.000295983606573,0.000591781409189,0.0300208343467
7.8125,100,11,66048,0.0316667904572,0.341065912554,3.69342350663,-0.000200236460592,0.00029081920943,0.000582135399236,0.0300682398926
7.8125,100,12,66048,0.0316667904572,0.360633144142,4.12637808388,-0.000219808101439,0.00028253844175,0.000569766878654,0.0301123178896
7.8125,100,13,66048,0.0316667904572,0.380924300883,4.60116616536,-0.000235510102423,0.00027738704777,0.000555187222611,0.0301575315028
7.8125,100,14,66048,0.0316667904572,0.402138676364,5.12519757656,-0.000244244272713,0.000268779142899,0.000544615554254,0.030204106797
7.8125,100,15,66048,0.0316667904572,0.424450467037,5.70738350378,-0.000254042393363,0.00026491464681,0.000525041589493,0.0302488761085
7.8125,100,16,66048,0.0316667904572,0.448142865247,6.3600435038,-0.000254292529999,0.000260335258658,0.000515232279091,0.0303007640406
7.8125,100,17,66048,0.0316667904572,0.473454876189,7.09620719389,-0.000256635437693,0.000250077041988,0.000496449089609,0.0303446749963
7.8125,100,18,66048,0.0316667904572,0.500762687866,7.93621898705,-0.000253666755404,0.000244567117595,0.000480739616814,0.0303953447464
7.8125,100,19,66048,0.0316667904572,0.530491790667,8.90425382,-0.000247599814298,0.000237022920856,0.000465488658797,0.0304469524907
7.8125,100,20,66048,0.0316667904572,0.563191661697,10.033482861,-0.000239786939554,0.000226541388353,0.000448471233767,0.0304979597081
7.8125,100,21,66048,0.0316667904572,0.599593802231,11.3703990529,-0.000229101506335,0.000218519298915,0.000431526553425,0.0305530300596
7.8125,100,22,66048,0.0316667904572,0.640673173379,12.9798212336,-0.000217258967426,0.000208721892991,0.00041126938562,0.0306082104622
7.8125,100,23,66048,0.0316667904572,0.687806056936,14.9581438447,-0.000201976360977,0.000197731530433,0.000393520360944,0.0306677613039
7.8125,100,24,66048,0.0316667904572,0.742960815897,17.4521081612,-0.00018587131056,0.000185976892813,0.000371253810945,0.0307285900896
7.8125,100,25,66048,0.0316667904572,0.809147484633,20.7000831375,-0.000166915484639,0.000175863752642,0.000349707722585,0.0307962276717
7.8125,100,26,66048,0.0316667904572,0.891192270732,25.1128560039,-0.00014746992725,0.000160737971207,0.000321677057527,0.0308639355452
7.8125,100,27,66048,0.0316667904572,0.997542032895,31.4723477175,-0.00012488267269,0.000147004346824,0.000295004745017,0.0309420785376
7.8125,100,28,66048,0.0316667904572,1.1446765164,41.4672164718,-0.000100976032586,0.000131544438566,0.000262502378987,0.0310280788713
7.8125,100,29,66048,0.0316667904572,1.37102256812,59.587059632,-7.51280290772e-05,0.000111999567792,0.000223845290442,0.0311265282931
7.8125,100,30,66048,0.0316667904572,1.80069510381,103.45947311,-4.6793413874e-05,8.74307206713e-05,0.000177352551969,0.0312495041688
7.8125,100,31,66048,0.0316667904572,4.08395377695,808.382443684,-1.64628349102e-05,4.9356739872e-05,9.90974863255e-05,0.031436542659
