norm,1000,1.0133372946305388,1.0134873008561143,13.000000002572222,461.99570043659014
moment,1000,0,1.05,0.90476190476190466,0.00018203750519121381,0.00018705309363538434,3.2816332209003281e-06
q,1000,0,0.0001,0.011170346793698263
q,1000,0,0.01,0.052258885458798816
q,1000,0,0.10000000000000001,0.11637822741442731
q,1000,0,0.5,0.22327315166664163
q,1000,0,0.90000000000000002,0.32922051848981471
q,1000,0,0.98999999999999999,0.39495359115428352
q,1000,0,0.99990000000000001,0.44563954148500462
moment,1000,0.10000000000000001,1.0499975001874844,0.9047664395799857,0.00018199443902986782,0.00018700856465919975,3.2806793477743833e-06
q,1000,0.10000000000000001,0.0001,0.011170029468937224
q,1000,0.10000000000000001,0.01,0.052257401598314809
q,1000,0.10000000000000001,0.10000000000000001,0.11637492921023414
q,1000,0.10000000000000001,0.5,0.22326686104696164
q,1000,0.10000000000000001,0.90000000000000002,0.32921131667400028
q,1000,0.10000000000000001,0.98999999999999999,0.39494261147929155
q,1000,0.10000000000000001,0.99990000000000001,0.44562720391886629
moment,1000,1,1.0497518595104995,0.90521215264396138,0.00017780105097406999,0.00018267313963873477,3.188054428542923e-06
q,1000,1,0.0001,0.011138825097144497
q,1000,1,0.01,0.052111484680630427
q,1000,1,0.10000000000000001,0.11605059369684238
q,1000,1,0.5,0.22264824177884707
q,1000,1,0.90000000000000002,0.32830637596371964
q,1000,1,0.98999999999999999,0.39386280371553278
q,1000,1,0.99990000000000001,0.44441383203564711
moment,1000,5,1.0447213595499958,0.91438605300602049,0.00010719444394895536,0.0001098080016167805,1.7135534815596835e-06
q,1000,5,0.0001,0.010489149825528146
q,1000,5,0.01,0.04907332116780079
q,1000,5,0.10000000000000001,0.109296011083551
q,1000,5,0.5,0.20975624573065921
q,1000,5,0.90000000000000002,0.3094313482379345
q,1000,5,0.98999999999999999,0.37132847039332428
q,1000,5,0.99990000000000001,0.41908252731436663
moment,1000,10,1.0353553390593273,0.93170395182112165,3.4813694842457796e-05,3.5472293125030049e-05,4.3336681409880407e-07
q,1000,10,0.0001,0.0092118119511693502
q,1000,10,0.01,0.043099106509027027
q,1000,10,0.10000000000000001,0.096006462630564809
q,1000,10,0.5,0.18434887869157596
q,1000,10,0.90000000000000002,0.27215187236011179
q,1000,10,0.98999999999999999,0.32676001686469841
q,1000,10,0.99990000000000001,0.36893164742327733
moment,1000,13,1.0304855380424847,0.94083267175123075,1.7035728752820722e-05,1.7310961263716516e-05,1.8144270104195528e-07
q,1000,13,0.0001,0.0085003937135353196
q,1000,13,0.01,0.039771357015358361
q,1000,13,0.10000000000000001,0.088600452007542671
q,1000,13,0.5,0.1701694752551598
q,1000,13,0.90000000000000002,0.2513069073433119
q,1000,13,0.98999999999999999,0.30180793871514894
q,1000,13,0.99990000000000001,0.3408277026524586
moment,1000,20,1.022360679774998,0.95625676883442134,3.7794560179501897e-06,3.8235404537807518e-06,2.9150820043189968e-08
q,1000,20,0.0001,0.0072057645910317538
q,1000,20,0.01,0.033715019835243124
q,1000,20,0.10000000000000001,0.075116963398607489
q,1000,20,0.5,0.14432489805613624
q,1000,20,0.90000000000000002,0.21325332220191234
q,1000,20,0.98999999999999999,0.25620760732262898
q,1000,20,0.99990000000000001,0.28942467188366788
moment,1000,50,1.0098058067569091,0.98057882675798536,6.5633462745335721e-08,6.5961223416978523e-08,2.177360813099882e-10
q,1000,50,0.0001,0.0046990574050673846
q,1000,50,0.01,0.021987157255638778
q,1000,50,0.10000000000000001,0.048994281231266867
q,1000,50,0.5,0.094178219979677444
q,1000,50,0.90000000000000002,0.13925585121516662
q,1000,50,0.98999999999999999,0.16739615858889012
q,1000,50,0.99990000000000001,0.18918604811342249
moment,1000,100,1.0049751859510498,0.9900988879713648,2.2659076669965265e-09,2.2715968774751512e-09,3.7860418852258735e-12
q,1000,100,0.0001,0.0033279255930691435
q,1000,100,0.01,0.015571724226192376
q,1000,100,0.10000000000000001,0.034700259986307144
q,1000,100,0.5,0.066711916863166201
q,1000,100,0.90000000000000002,0.098666585886875102
q,1000,100,0.98999999999999999,0.11862725623537834
q,1000,100,0.99990000000000001,0.13409118706791856
moment,1000,500,1.00099980005998,0.99800239708355565,7.5899646720623185e-13,7.5937659534243344e-13,2.5332819934336953e-16
q,1000,500,0.0001,0.0014848894941643887
q,1000,500,0.01,0.0069480154888160927
q,1000,500,0.10000000000000001,0.015483584892368183
q,1000,500,0.5,0.029770875561871423
q,1000,500,0.90000000000000002,0.044039032199907832
q,1000,500,0.98999999999999999,0.052956165338874012
q,1000,500,0.99990000000000001,0.059867294995397141
moment,1000,999,1.0005004754272344,0.99899954984624917,2.392103149301495e-14,2.3927023005955034e-14,3.9936277320114861e-18
q,1000,999,0.0001,0.0010499664372729048
q,1000,999,0.01,0.0049129515696514489
q,1000,999,0.10000000000000001,0.010948509035248057
q,1000,999,0.5,0.021051400396640649
q,1000,999,0.90000000000000002,0.031141302168706114
q,1000,999,0.98999999999999999,0.037447549559644452
q,1000,999,0.99990000000000001,0.042335392175365298
radius,1000,9.9999999999999995e-07,0.099726655791216923
radius,1000,0.0001,0.46336546646159971
radius,1000,0.01,2.2000021622314119
radius,1000,0.10000000000000001,5.224440033370497
radius,1000,0.5,12.998268841954296
radius,1000,0.90000000000000002,36.859281090652154
radius,1000,0.98999999999999999,120.33931623279202
radius,1000,0.99990000000000001,772.53145311392859
radius,1000,0.99999899999999997,996.63922493645634
F,1000,9.9999999999999998e-13,6.5503904942763454e-43
F,1000,1e-08,6.5503903141586213e-29
F,1000,1.0000000000000001e-05,2.0713583888639844e-18
F,1000,0.001,2.0657213364033095e-11
F,1000,0.01,6.3710078988410169e-08
F,1000,0.025000000000000001,1.5082030946222001e-06
F,1000,0.050000000000000003,1.5844614781332917e-05
F,1000,0.074999999999999997,6.0569154777623839e-05
F,1000,0.089999999999999997,0.00010916430596460775
F,1000,0.095238095238095344,0.00013075308461577226
shell,1000,0,0,0.3622639994237345,3.6198150086567003e-05,3.719514398299418e-05,6.5232407938989825e-07,0.19915485972446659
shell,1000,1,0.3622639994237345,0.41995265689113453,2.0164625200808552e-05,2.071982272247757e-05,3.6326293252624133e-07,0.11110498214844688
shell,1000,2,0.41995265689113453,0.48682793297281829,3.1382349180991208e-05,3.2246199472080918e-05,5.6521530252927715e-07,0.17309199723587351
shell,1000,3,0.48682793297281829,0.56435274889575338,4.882396512731308e-05,5.0167490708276065e-05,8.7907082613367443e-07,0.26966625020956514
shell,1000,4,0.56435274889575338,0.65422298848241345,7.5924567958461959e-05,7.8012935870174947e-05,1.3664328534488044e-06,0.42013072539853114
shell,1000,5,0.65422298848241345,0.75840459623227807,0.00011799549285915611,0.00012123916823851337,2.1223801380719406e-06,0.65456581139930747
shell,1000,6,0.75840459623227807,0.87917658307983237,0.0001832277905568965,0.00018826075748972157,3.2931833297022704e-06,1.0198514635251938
shell,1000,7,0.87917658307983237,1.0191808805958185,0.00028420931427245431,0.00029200789988445596,5.1028849549147187e-06,1.5890595447018208
shell,1000,8,1.0191808805958185,1.1814801342107033,0.00044019330325190229,0.00045225505778187172,7.8926214304350391e-06,2.4761077431340461
shell,1000,9,1.1814801342107033,1.3696246997083523,0.00068043914939956685,0.00069904879761904792,1.2177649621821426e-05,3.8586333238302961
shell,1000,10,1.3696246997083523,1.5877303085628129,0.001049026140126783,0.0010776441638147799,1.8727696288336828e-05,6.013718656444083
shell,1000,11,1.5877303085628129,1.8405681010759829,0.0016115730270816445,0.0016553895788526975,2.8675354867584698e-05,9.3737302730029022
shell,1000,12,1.8405681010759829,2.1336689968241092,0.0024641772561645927,0.0025308738999854446,4.3652489961633062e-05,14.613671785347625
shell,1000,13,2.1336689968241092,2.4734446855549739,0.0037444129799451146,0.0038451547694408001,6.5941733239607402e-05,22.787971820801708
shell,1000,14,2.4734446855549739,2.867327885256084,0.0056430405395664256,0.0057936586122620632,9.8602527120129245e-05,35.544905610440615
shell,1000,15,2.867327885256084,3.3239349355906174,0.0084126678723844793,0.0086348535981558647,0.00014548096978194076,55.463023684934292
shell,1000,16,3.3239349355906174,3.853254283492257,0.01236547105768639,0.012687548428621407,0.00021093721327800194,86.579307393307289
shell,1000,17,3.853254283492257,4.4668649841105328,0.017846399019003801,0.018302863961580408,0.00029904266004897133,135.21815817428805
shell,1000,18,4.4668649841105328,5.1781899968950995,0.0251633726207681,0.025791988339796221,0.00041198355892539754,211.29074387221726
shell,1000,19,5.1781899968950995,6.002789817763821,0.034458434759176454,0.035293584634419527,0.00054760908121503048,330.32540097003437
shell,1000,20,6.002789817763821,6.9587028706662144,0.045524982434295688,0.046586818751977649,0.00069666430834261234,516.62544372570255
shell,1000,21,6.9587028706662144,8.0668401047326874,0.0576250864153737,0.058906343957946181,0.0008412281776974753,808.15230844121129
shell,1000,22,8.0668401047326874,9.3514424289671698,0.069423583799223032,0.070879322091511612,0.0009565852252262988,1264.0386068340836
shell,1000,23,9.3514424289671698,10.840610991035037,0.079174376207335889,0.080721930880492121,0.0010178795411335182,1976.1229743184203
shell,1000,24,10.840610991035037,12.566921900189598,0.085193630494644998,0.086727194061439514,0.0010097173925489229,3086.6990753616556
shell,1000,25,12.566921900189598,14.568138841626885,0.086444902777609578,0.087860984523004532,0.00093337960198091804,4815.9777629318951
shell,1000,26,14.568138841626885,16.88803917096962,0.082913031961226458,0.084135321360305368,0.00080653766424492769,7504.8154352806896
shell,1000,27,16.88803917096962,19.577371560000458,0.075543713251364303,0.076535983434092472,0.00065547249860423292,11681.384507444662
shell,1000,28,19.577371560000458,22.694966142496774,0.065817641807353597,0.066581448263002108,0.00050508199000359733,18165.19592701026
shell,1000,29,22.694966142496774,26.309021445014803,0.055238382179095512,0.055800859973402853,0.00037231308613324971,28229.194481753533
shell,1000,30,26.309021445014803,30.498596254706754,0.044980311369466723,0.045380047157865956,0.00026482844297912272,43852.094732363454
shell,1000,31,30.498596254706754,35.355339059327356,0.03576930608574682,0.036045604602706394,0.00018319788296508707,68111.06349924345
shell,1000,32,35.355339059327356,40.98549289156513,0.027932098655351664,0.028119076694369128,0.00012406358044473912,105792.85384834223
shell,1000,33,40.98549289156513,47.512219434404557,0.021515446063816539,0.021639992089895692,8.2691057157886075e-05,164345.0959719271
shell,1000,34,47.512219434404557,55.078293228177536,0.016405277734211431,0.016487277649434421,5.4473195809585002e-05,255357.321655887
shell,1000,35,55.078293228177536,63.849224916072913,0.012415962059554999,0.012469496070251392,3.5580252295020902e-05,396866.9821095579
shell,1000,36,63.849224916072913,74.016881850246818,0.009346068846123691,0.0093808081448618214,2.309842753108711e-05,616950.31759488222
shell,1000,37,74.016881850246818,85.803685260622288,0.0070079480253537798,0.007030395023657798,1.4930603010232316e-05,959314.32086817746
shell,1000,38,85.803685260622288,99.467475800986776,0.0052402700161409592,0.00525473125841885,9.6219034569173257e-06,1492005.4001367369
shell,1000,39,99.467475800986776,115.30715390799679,0.0039108736817859814,0.0039201713012117691,6.1879222353243941e-06,2320972.4369941582
shell,1000,40,115.30715390799679,133.66921835801284,0.0029148075884441391,0.0029207772567059662,3.9739720052044309e-06,3611190.975752858
shell,1000,41,133.66921835801284,154.95534605509826,0.0021704428544684095,0.0021742724206848798,2.5498329154322009e-06,5619564.7892224099
shell,1000,42,154.95534605509826,179.63117886082782,0.0016151858858503745,0.0016176412548967885,1.6351378258672543e-06,8746172.5021878965
shell,1000,43,179.63117886082782,208.23650968103576,0.001201508791646481,0.0012030826071534964,1.0482296250987295e-06,13614089.93371851
shell,1000,44,208.23650968103576,241.39709063389191,0.00089356909337953315,0.00089457772012744685,6.7187598798226092e-07,21193724.916422427
shell,1000,45,241.39709063389191,279.8383216073197,0.00066446511154062346,0.00066511149976277426,4.3062610612285905e-07,32996490.222118162
shell,1000,46,279.8383216073197,324.40111864797723,0.00049407236832971105,0.00049448662828813152,2.7600788078515537e-07,51376487.251137346
shell,1000,47,324.40111864797723,376.06030930863892,0.00036737052570542066,0.0003676360399254802,1.7691805834915717e-07,80000444.060917154
shell,1000,48,376.06030930863892,435.94595735895774,0.00027316622970032314,0.00027333642541672653,1.134132780583848e-07,124579754.65762292
shell,1000,49,435.94595735895774,505.36808334548755,0.00020312670887966176,0.00020323581790545345,7.2711413384020979e-08,194010814.22842655
shell,1000,50,505.36808334548755,585.84532177229926,0.00015105291676235217,0.00015112287283923162,4.6621936415368888e-08,302151393.29398423
shell,1000,51,585.84532177229926,679.13814178853681,0.00011233510745904386,0.00011237996567710756,2.9896934697783292e-08,470587831.56324506
shell,1000,52,679.13814178853681,787.28735809765953,8.3546214122120997e-05,8.3574982009521697e-05,1.9173865107189055e-08,732945735.12032557
shell,1000,53,787.28735809765953,912.65877452865277,6.2138735423622357e-05,6.2157186427615595e-05,1.229805407987314e-08,1141605159.4848106
shell,1000,54,912.65877452865277,1057.9949368637251,3.0478653957815704e-05,3.048665584872903e-05,5.3335917856560088e-09,1778161539.0923624
shell,1000,55,1057.9949368637251,1226.4751270346076,0,0,0,2769721817.4633479
shell,1000,56,1226.4751270346076,1421.7849110825259,0,0,0,4314290795.9475079
shell,1000,57,1421.7849110825259,1648.1967622690402,0,0,0,6720318478.7265997
shell,1000,58,1648.1967622690402,1910.6635229978629,0,0,0,10468307854.863197
shell,1000,59,1910.6635229978629,2214.9267500615965,0,0,0,16306789166.198833
shell,1000,60,2214.9267500615965,2567.6423133053681,0,0,0,25401831510.471897
shell,1000,61,2567.6423133053681,2976.5259952243618,0,0,0,39569956912.724121
shell,1000,62,2976.5259952243618,3450.5222765398048,0,0,0,61640982025.318657
shell,1000,63,3450.5222765398048,3999.9999999999995,0,0,0,96023266354.917999
norm,2000,1.0134497989044768,1.0134873008561143,13.000000002572399,461.99570043659577
moment,2000,0,1.05,0.90476190476190466,0.00018203750519121381,0.00018705309363538434,3.2816332209003281e-06
q,2000,0,0.0001,0.011170346793698263
q,2000,0,0.01,0.052258885458798816
q,2000,0,0.10000000000000001,0.11637822741442731
q,2000,0,0.5,0.22327315166664163
q,2000,0,0.90000000000000002,0.32922051848981471
q,2000,0,0.98999999999999999,0.39495359115428352
q,2000,0,0.99990000000000001,0.44563954148500462
moment,2000,0.10000000000000001,1.0499975001874844,0.9047664395799857,0.00018199443902986782,0.00018700856465919975,3.2806793477743833e-06
q,2000,0.10000000000000001,0.0001,0.011170029468937224
q,2000,0.10000000000000001,0.01,0.052257401598314809
q,2000,0.10000000000000001,0.10000000000000001,0.11637492921023414
q,2000,0.10000000000000001,0.5,0.22326686104696164
q,2000,0.10000000000000001,0.90000000000000002,0.32921131667400028
q,2000,0.10000000000000001,0.98999999999999999,0.39494261147929155
q,2000,0.10000000000000001,0.99990000000000001,0.44562720391886629
moment,2000,1,1.0497518595104995,0.90521215264396138,0.00017780105097406999,0.00018267313963873477,3.188054428542923e-06
q,2000,1,0.0001,0.011138825097144497
q,2000,1,0.01,0.052111484680630427
q,2000,1,0.10000000000000001,0.11605059369684238
q,2000,1,0.5,0.22264824177884707
q,2000,1,0.90000000000000002,0.32830637596371964
q,2000,1,0.98999999999999999,0.39386280371553278
q,2000,1,0.99990000000000001,0.44441383203564711
moment,2000,5,1.0447213595499958,0.91438605300602049,0.00010719444394895536,0.0001098080016167805,1.7135534815596835e-06
q,2000,5,0.0001,0.010489149825528146
q,2000,5,0.01,0.04907332116780079
q,2000,5,0.10000000000000001,0.109296011083551
q,2000,5,0.5,0.20975624573065921
q,2000,5,0.90000000000000002,0.3094313482379345
q,2000,5,0.98999999999999999,0.37132847039332428
q,2000,5,0.99990000000000001,0.41908252731436663
moment,2000,10,1.0353553390593273,0.93170395182112165,3.4813694842457796e-05,3.5472293125030049e-05,4.3336681409880407e-07
q,2000,10,0.0001,0.0092118119511693502
q,2000,10,0.01,0.043099106509027027
q,2000,10,0.10000000000000001,0.096006462630564809
q,2000,10,0.5,0.18434887869157596
q,2000,10,0.90000000000000002,0.27215187236011179
q,2000,10,0.98999999999999999,0.32676001686469841
q,2000,10,0.99990000000000001,0.36893164742327733
moment,2000,13,1.0304855380424847,0.94083267175123075,1.7035728752820722e-05,1.7310961263716516e-05,1.8144270104195528e-07
q,2000,13,0.0001,0.0085003937135353196
q,2000,13,0.01,0.039771357015358361
q,2000,13,0.10000000000000001,0.088600452007542671
q,2000,13,0.5,0.1701694752551598
q,2000,13,0.90000000000000002,0.2513069073433119
q,2000,13,0.98999999999999999,0.30180793871514894
q,2000,13,0.99990000000000001,0.3408277026524586
moment,2000,20,1.022360679774998,0.95625676883442134,3.7794560179501897e-06,3.8235404537807518e-06,2.9150820043189968e-08
q,2000,20,0.0001,0.0072057645910317538
q,2000,20,0.01,0.033715019835243124
q,2000,20,0.10000000000000001,0.075116963398607489
q,2000,20,0.5,0.14432489805613624
q,2000,20,0.90000000000000002,0.21325332220191234
q,2000,20,0.98999999999999999,0.25620760732262898
q,2000,20,0.99990000000000001,0.28942467188366788
moment,2000,50,1.0098058067569091,0.98057882675798536,6.5633462745335721e-08,6.5961223416978523e-08,2.177360813099882e-10
q,2000,50,0.0001,0.0046990574050673846
q,2000,50,0.01,0.021987157255638778
q,2000,50,0.10000000000000001,0.048994281231266867
q,2000,50,0.5,0.094178219979677444
q,2000,50,0.90000000000000002,0.13925585121516662
q,2000,50,0.98999999999999999,0.16739615858889012
q,2000,50,0.99990000000000001,0.18918604811342249
moment,2000,100,1.0049751859510498,0.9900988879713648,2.2659076669965265e-09,2.2715968774751512e-09,3.7860418852258735e-12
q,2000,100,0.0001,0.0033279255930691435
q,2000,100,0.01,0.015571724226192376
q,2000,100,0.10000000000000001,0.034700259986307144
q,2000,100,0.5,0.066711916863166201
q,2000,100,0.90000000000000002,0.098666585886875102
q,2000,100,0.98999999999999999,0.11862725623537834
q,2000,100,0.99990000000000001,0.13409118706791856
moment,2000,500,1.00099980005998,0.99800239708355565,7.5899646720623185e-13,7.5937659534243344e-13,2.5332819934336953e-16
q,2000,500,0.0001,0.0014848894941643887
q,2000,500,0.01,0.0069480154888160927
q,2000,500,0.10000000000000001,0.015483584892368183
q,2000,500,0.5,0.029770875561871423
q,2000,500,0.90000000000000002,0.044039032199907832
q,2000,500,0.98999999999999999,0.052956165338874012
q,2000,500,0.99990000000000001,0.059867294995397141
moment,2000,999,1.0005004754272344,0.99899954984624917,2.392103149301495e-14,2.3927023005955034e-14,3.9936277320114861e-18
q,2000,999,0.0001,0.0010499664372729048
q,2000,999,0.01,0.0049129515696514489
q,2000,999,0.10000000000000001,0.010948509035248057
q,2000,999,0.5,0.021051400396640649
q,2000,999,0.90000000000000002,0.031141302168706114
q,2000,999,0.98999999999999999,0.037447549559644452
q,2000,999,0.99990000000000001,0.042335392175365298
radius,2000,9.9999999999999995e-07,0.099730346683327517
radius,2000,0.0001,0.46338265093808495
radius,2000,0.01,2.2000875318231623
radius,2000,0.10000000000000001,5.2246863608588354
radius,2000,0.5,12.999567183018907
radius,2000,0.90000000000000002,36.879354073679153
radius,2000,0.98999999999999999,121.00156794757838
radius,2000,0.99990000000000001,1039.4106162671412
radius,2000,0.99999899999999997,1973.5120170973953
F,2000,9.9999999999999998e-13,6.5503904942763454e-43
F,2000,1e-08,6.5503903141586213e-29
F,2000,1.0000000000000001e-05,2.0713583888639844e-18
F,2000,0.001,2.0657213364033095e-11
F,2000,0.01,6.3710078988410169e-08
F,2000,0.025000000000000001,1.5082030946222001e-06
F,2000,0.050000000000000003,1.5844614781332917e-05
F,2000,0.074999999999999997,6.0569154777623839e-05
F,2000,0.089999999999999997,0.00010916430596460775
F,2000,0.095238095238095344,0.00013075308461577226
shell,2000,0,0,0.3622639994237345,3.6198150086567003e-05,3.719514398299418e-05,6.5232407938989825e-07,0.19915485972446659
shell,2000,1,0.3622639994237345,0.41995265689113453,2.0164625200808552e-05,2.071982272247757e-05,3.6326293252624133e-07,0.11110498214844688
shell,2000,2,0.41995265689113453,0.48682793297281829,3.1382349180991208e-05,3.2246199472080918e-05,5.6521530252927715e-07,0.17309199723587351
shell,2000,3,0.48682793297281829,0.56435274889575338,4.882396512731308e-05,5.0167490708276065e-05,8.7907082613367443e-07,0.26966625020956514
shell,2000,4,0.56435274889575338,0.65422298848241345,7.5924567958461959e-05,7.8012935870174947e-05,1.3664328534488044e-06,0.42013072539853114
shell,2000,5,0.65422298848241345,0.75840459623227807,0.00011799549285915611,0.00012123916823851337,2.1223801380719406e-06,0.65456581139930747
shell,2000,6,0.75840459623227807,0.87917658307983237,0.0001832277905568965,0.00018826075748972157,3.2931833297022704e-06,1.0198514635251938
shell,2000,7,0.87917658307983237,1.0191808805958185,0.00028420931427245431,0.00029200789988445596,5.1028849549147187e-06,1.5890595447018208
shell,2000,8,1.0191808805958185,1.1814801342107033,0.00044019330325190229,0.00045225505778187172,7.8926214304350391e-06,2.4761077431340461
shell,2000,9,1.1814801342107033,1.3696246997083523,0.00068043914939956685,0.00069904879761904792,1.2177649621821426e-05,3.8586333238302961
shell,2000,10,1.3696246997083523,1.5877303085628129,0.001049026140126783,0.0010776441638147799,1.8727696288336828e-05,6.013718656444083
shell,2000,11,1.5877303085628129,1.8405681010759829,0.0016115730270816445,0.0016553895788526975,2.8675354867584698e-05,9.3737302730029022
shell,2000,12,1.8405681010759829,2.1336689968241092,0.0024641772561645927,0.0025308738999854446,4.3652489961633062e-05,14.613671785347625
shell,2000,13,2.1336689968241092,2.4734446855549739,0.0037444129799451146,0.0038451547694408001,6.5941733239607402e-05,22.787971820801708
shell,2000,14,2.4734446855549739,2.867327885256084,0.0056430405395664256,0.0057936586122620632,9.8602527120129245e-05,35.544905610440615
shell,2000,15,2.867327885256084,3.3239349355906174,0.0084126678723844793,0.0086348535981558647,0.00014548096978194076,55.463023684934292
shell,2000,16,3.3239349355906174,3.853254283492257,0.01236547105768639,0.012687548428621407,0.00021093721327800194,86.579307393307289
shell,2000,17,3.853254283492257,4.4668649841105328,0.017846399019003801,0.018302863961580408,0.00029904266004897133,135.21815817428805
shell,2000,18,4.4668649841105328,5.1781899968950995,0.0251633726207681,0.025791988339796221,0.00041198355892539754,211.29074387221726
shell,2000,19,5.1781899968950995,6.002789817763821,0.034458434759176454,0.035293584634419527,0.00054760908121503048,330.32540097003437
shell,2000,20,6.002789817763821,6.9587028706662144,0.045524982434295688,0.046586818751977649,0.00069666430834261234,516.62544372570255
shell,2000,21,6.9587028706662144,8.0668401047326874,0.0576250864153737,0.058906343957946181,0.0008412281776974753,808.15230844121129
shell,2000,22,8.0668401047326874,9.3514424289671698,0.069423583799223032,0.070879322091511612,0.0009565852252262988,1264.0386068340836
shell,2000,23,9.3514424289671698,10.840610991035037,0.079174376207335889,0.080721930880492121,0.0010178795411335182,1976.1229743184203
shell,2000,24,10.840610991035037,12.566921900189598,0.085193630494644998,0.086727194061439514,0.0010097173925489229,3086.6990753616556
shell,2000,25,12.566921900189598,14.568138841626885,0.086444902777609578,0.087860984523004532,0.00093337960198091804,4815.9777629318951
shell,2000,26,14.568138841626885,16.88803917096962,0.082913031961226458,0.084135321360305368,0.00080653766424492769,7504.8154352806896
shell,2000,27,16.88803917096962,19.577371560000458,0.075543713251364303,0.076535983434092472,0.00065547249860423292,11681.384507444662
shell,2000,28,19.577371560000458,22.694966142496774,0.065817641807353597,0.066581448263002108,0.00050508199000359733,18165.19592701026
shell,2000,29,22.694966142496774,26.309021445014803,0.055238382179095512,0.055800859973402853,0.00037231308613324971,28229.194481753533
shell,2000,30,26.309021445014803,30.498596254706754,0.044980311369466723,0.045380047157865956,0.00026482844297912272,43852.094732363454
shell,2000,31,30.498596254706754,35.355339059327356,0.03576930608574682,0.036045604602706394,0.00018319788296508707,68111.06349924345
shell,2000,32,35.355339059327356,40.98549289156513,0.027932098655351664,0.028119076694369128,0.00012406358044473912,105792.85384834223
shell,2000,33,40.98549289156513,47.512219434404557,0.021515446063816539,0.021639992089895692,8.2691057157886075e-05,164345.0959719271
shell,2000,34,47.512219434404557,55.078293228177536,0.016405277734211431,0.016487277649434421,5.4473195809585002e-05,255357.321655887
shell,2000,35,55.078293228177536,63.849224916072913,0.012415962059554999,0.012469496070251392,3.5580252295020902e-05,396866.9821095579
shell,2000,36,63.849224916072913,74.016881850246818,0.009346068846123691,0.0093808081448618214,2.309842753108711e-05,616950.31759488222
shell,2000,37,74.016881850246818,85.803685260622288,0.0070079480253537798,0.007030395023657798,1.4930603010232316e-05,959314.32086817746
shell,2000,38,85.803685260622288,99.467475800986776,0.0052402700161409592,0.00525473125841885,9.6219034569173257e-06,1492005.4001367369
shell,2000,39,99.467475800986776,115.30715390799679,0.0039108736817859814,0.0039201713012117691,6.1879222353243941e-06,2320972.4369941582
shell,2000,40,115.30715390799679,133.66921835801284,0.0029148075884441391,0.0029207772567059662,3.9739720052044309e-06,3611190.975752858
shell,2000,41,133.66921835801284,154.95534605509826,0.0021704428544684095,0.0021742724206848798,2.5498329154322009e-06,5619564.7892224099
shell,2000,42,154.95534605509826,179.63117886082782,0.0016151858858503745,0.0016176412548967885,1.6351378258672543e-06,8746172.5021878965
shell,2000,43,179.63117886082782,208.23650968103576,0.001201508791646481,0.0012030826071534964,1.0482296250987295e-06,13614089.93371851
shell,2000,44,208.23650968103576,241.39709063389191,0.00089356909337953315,0.00089457772012744685,6.7187598798226092e-07,21193724.916422427
shell,2000,45,241.39709063389191,279.8383216073197,0.00066446511154062346,0.00066511149976277426,4.3062610612285905e-07,32996490.222118162
shell,2000,46,279.8383216073197,324.40111864797723,0.00049407236832971105,0.00049448662828813152,2.7600788078515537e-07,51376487.251137346
shell,2000,47,324.40111864797723,376.06030930863892,0.00036737052570542066,0.0003676360399254802,1.7691805834915717e-07,80000444.060917154
shell,2000,48,376.06030930863892,435.94595735895774,0.00027316622970032314,0.00027333642541672653,1.134132780583848e-07,124579754.65762292
shell,2000,49,435.94595735895774,505.36808334548755,0.00020312670887966176,0.00020323581790545345,7.2711413384020979e-08,194010814.22842655
shell,2000,50,505.36808334548755,585.84532177229926,0.00015105291676235217,0.00015112287283923162,4.6621936415368888e-08,302151393.29398423
shell,2000,51,585.84532177229926,679.13814178853681,0.00011233510745904386,0.00011237996567710756,2.9896934697783292e-08,470587831.56324506
shell,2000,52,679.13814178853681,787.28735809765953,8.3546214122120997e-05,8.3574982009521697e-05,1.9173865107189055e-08,732945735.12032557
shell,2000,53,787.28735809765953,912.65877452865277,6.2138735423622357e-05,6.2157186427615595e-05,1.229805407987314e-08,1141605159.4848106
shell,2000,54,912.65877452865277,1057.9949368637251,4.6219072014706833e-05,4.6230907181168608e-05,7.8886635668318084e-09,1778161539.0923624
shell,2000,55,1057.9949368637251,1226.4751270346076,3.43796636808442e-05,3.4387255872756117e-05,5.0606599955029083e-09,2769721817.4633479
shell,2000,56,1226.4751270346076,1421.7849110825259,2.5574187244618701e-05,2.5579057980367659e-05,3.2467134460188708e-09,4314290795.9475079
shell,2000,57,1421.7849110825259,1648.1967622690402,1.9024797058505362e-05,1.9027922078874046e-05,2.0831011071482979e-09,6720318478.7265997
shell,2000,58,1648.1967622690402,1910.6635229978629,1.4153191639579114e-05,1.4155196751286937e-05,1.3366049106231382e-09,10468307854.863197
shell,2000,59,1910.6635229978629,2214.9267500615965,3.6320162565717877e-06,3.6324812948763814e-06,3.0999699181237195e-10,16306789166.198833
shell,2000,60,2214.9267500615965,2567.6423133053681,0,0,0,25401831510.471897
shell,2000,61,2567.6423133053681,2976.5259952243618,0,0,0,39569956912.724121
shell,2000,62,2976.5259952243618,3450.5222765398048,0,0,0,61640982025.318657
shell,2000,63,3450.5222765398048,3999.9999999999995,0,0,0,96023266354.917999
